,n_fold,n_epoch,acc,tpr,tnr,loss,train,valid,training_loss,validation_loss
0,1,1,56.077164482185715,55.85521646557842,56.126571422122915,1.2720504999160767,1,0,,
1,1,1,55.89573851882499,58.73590982286635,55.24307322262824,-1.0,0,1,1.1118962851296912,1.1173881289477532
2,1,2,58.70315672881669,60.879042887559564,58.218791613063395,1.0715166330337524,1,0,,
3,1,2,50.8067852709971,67.3913043478261,46.9956982284102,-1.0,0,1,1.0828269544852527,1.1205475510886083
4,1,3,60.02953664389884,63.611477238162834,59.23217550274223,1.1291643381118774,1,0,,
5,1,3,57.51307029751382,55.454911433172306,57.986030806235256,-1.0,0,1,1.0622353346176103,1.1214523263848746
6,1,4,61.697434004061286,65.9028693095407,60.761279256099485,1.0411332845687866,1,0,,
7,1,4,55.203670967013956,62.07729468599034,53.6241269253897,-1.0,0,1,1.0412330823074125,1.1209180418115396
8,1,5,63.18626546058704,67.80898306803203,62.157221206581355,1.0382766723632812,1,0,,
9,1,5,55.557227216308725,59.17874396135266,54.72501040751191,-1.0,0,1,1.019295101253032,1.1308236044759934
10,1,6,64.85231678050582,69.44134644631451,63.83077166136277,1.1216204166412354,1,0,,
11,1,6,48.219054425094974,72.36312399355877,42.67079883435866,-1.0,0,1,0.9969727828342207,1.1458006925307787
12,1,7,66.35037843824995,71.08384872756768,65.29667998284695,0.9575037360191345,1,0,,
13,1,7,59.777334787678186,52.09339774557166,61.54308709931079,-1.0,0,1,0.9721273958612643,1.1605083870773132
14,1,8,68.00535351670666,72.7212815573355,66.95556006951497,0.8119378089904785,1,0,,
15,1,8,51.942678752773915,65.90177133655395,48.734909107729315,-1.0,0,1,0.9484641798975335,1.1535362435074954
16,1,9,68.91822041720509,73.64392172766907,67.86625138240007,0.8405474424362183,1,0,,
17,1,9,52.82280813931621,65.19726247987117,49.97918497617836,-1.0,0,1,0.9264287519342361,1.162908190431503
18,1,10,70.33690234447111,75.1698266247592,69.26106484302706,0.6250473856925964,1,0,,
19,1,10,73.16357618384924,22.906602254428343,84.71252139321892,-1.0,0,1,0.9013415739696733,1.36706653294655
20,1,11,71.68543474247738,76.44225894758188,70.62653756742726,0.8388209342956543,1,0,,
21,1,11,59.61184037311468,51.207729468599034,61.54308709931079,-1.0,0,1,0.8810608786703423,1.202676829523765
22,1,12,72.48384714786782,77.13677380107472,71.44807818177715,1.1004440784454346,1,0,,
23,1,12,39.647195998044154,81.70289855072464,29.982885424857763,-1.0,0,1,0.8594817695116631,1.301723213149951
24,1,13,73.51209156359609,78.66774814965021,72.36441194393663,0.9769447445869446,1,0,,
25,1,13,52.330086132320304,64.5330112721417,49.52588001295157,-1.0,0,1,0.8366144508510441,1.216163787417687
26,1,14,74.5320287982278,79.38254080908446,73.45227616403729,0.9275708198547363,1,0,,
27,1,14,57.234738782111556,56.46135265700483,57.412461260927884,-1.0,0,1,0.8160281111667682,1.2349126184215913
28,1,15,75.29259737862286,80.27983372199128,74.1824091001422,1.0822043418884277,1,0,,
29,1,15,53.827058336781135,62.39935587761675,51.857162680975065,-1.0,0,1,0.7937833548577364,1.224870410389625
30,1,16,76.43160420897176,81.66886342897699,75.26575936082335,0.7810572385787964,1,0,,
31,1,16,58.87087674427352,53.11996779388084,60.192423331328925,-1.0,0,1,0.7695588156352218,1.2684357435657427
32,1,17,77.29093594240355,82.46476731217682,76.13921050849753,0.9190528988838196,1,0,,
33,1,17,48.85846466318125,71.09500805152979,43.748554512234605,-1.0,0,1,0.7516970774499697,1.3059353249577375
34,1,18,77.90566734354809,83.24546284092061,76.71699731419415,0.5696558356285095,1,0,,
35,1,18,70.55327791777937,27.697262479871174,80.40149868171515,-1.0,0,1,0.735187761089737,1.5107437077050025
36,1,19,78.93852685988554,83.96025550035486,77.82066039226308,0.788583517074585,1,0,,
37,1,19,58.03964343476135,53.20048309178744,59.15167214024701,-1.0,0,1,0.7109332993151587,1.3091436962668712
38,1,20,79.69632637991508,85.07046537564635,78.50001128489855,0.8404756784439087,1,0,,
39,1,20,49.44897882423741,69.14251207729468,44.92344696794486,-1.0,0,1,0.69402710285913,1.3581312866165087
40,1,21,80.05999630791952,85.12115989049985,78.93335138917101,0.5297272801399231,1,0,,
41,1,21,61.69180426524241,45.99436392914654,65.29904250890421,-1.0,0,1,0.6795083260803606,1.3598552521031637
42,1,22,80.92948126269152,86.5558146608537,79.67702620353442,0.6257416605949402,1,0,,
43,1,22,66.83717606348968,36.272141706924316,73.86095564087145,-1.0,0,1,0.6597891205387386,1.456610611998118
44,1,23,81.47683219494185,86.74845381729696,80.30333807299073,0.5137574672698975,1,0,,
45,1,23,61.80088012938654,46.92028985507246,65.22040797446691,-1.0,0,1,0.6417282631152355,1.3731521817927177
46,1,24,81.92265091378992,87.27567677177329,80.73103572798881,0.5072544813156128,1,0,,
47,1,24,71.3055252567044,25.764895330112722,81.77066469309403,-1.0,0,1,0.6282091762830966,1.6578560113333738
48,1,25,82.68229647406314,87.91949711041265,81.51646466698264,0.5916553139686584,1,0,,
49,1,25,63.51976529883026,41.56602254428341,68.5646884684768,-1.0,0,1,0.6086948070292489,1.4937310866438425
50,1,26,83.16226693741923,88.64949812430295,81.94077685241609,0.44288045167922974,1,0,,
51,1,26,69.2895023883853,30.293880837359097,78.25061288681253,-1.0,0,1,0.5951209629510904,1.6159991455765872
52,1,27,83.56470371054088,89.07533204907229,82.33800528133253,0.5591970682144165,1,0,,
53,1,27,63.41445067138075,43.55877616747182,67.97724224062168,-1.0,0,1,0.5820343577101774,1.5106996913942008
54,1,28,83.98190880561197,89.39470749264929,82.77698783487936,0.4622897505760193,1,0,,
55,1,28,64.89637792906308,39.85507246376812,70.6508164114899,-1.0,0,1,0.5711594469572605,1.5488453008807623
56,1,29,84.35665497507846,89.59748555206326,83.19001512176405,0.38594958186149597,1,0,,
57,1,29,68.3040583743935,32.809983896940416,76.46052083815162,-1.0,0,1,0.5578412004035085,1.6713247961149766
58,1,30,84.93261953110577,90.33255601743892,83.73056176224976,0.5281730890274048,1,0,,
59,1,30,64.89637792906308,39.59339774557166,70.71094870253019,-1.0,0,1,0.5388459440808933,1.5637743438665683
60,1,31,85.37382314934466,90.65193146101592,84.19888505202339,0.575367271900177,1,0,,
61,1,31,65.2725015985256,39.89533011272142,71.10412137471668,-1.0,0,1,0.5293553331174141,1.5656032903263202
62,1,32,85.73010891637438,90.73304268478151,84.61642629832758,0.46095010638237,1,0,,
63,1,32,64.05386090946703,41.1231884057971,69.32328044775429,-1.0,0,1,0.5184220343370787,1.5751269534230232
64,1,33,86.19715709802473,91.12845990063875,85.09941995621459,0.29680827260017395,1,0,,
65,1,33,65.18599315454921,38.62721417069243,71.2891438086868,-1.0,0,1,0.506891229780393,1.668043220558992
66,1,34,86.46021783274875,91.4934604075839,85.33978829530322,0.6511912941932678,1,0,,
67,1,34,58.513559258284126,52.49597423510467,59.89638743697673,-1.0,0,1,0.49743547275609645,1.595500752902948
68,1,35,87.03987446926342,92.10179458582581,85.91306114158034,0.6875438690185547,1,0,,
69,1,35,49.445217587542786,67.9951690821256,45.18247837550303,-1.0,0,1,0.4818333326855404,1.6208671887333577
70,1,36,87.32877976739893,92.37047551454933,86.20646850384816,0.6036479473114014,1,0,,
71,1,36,59.1078346560349,50.24154589371981,61.14528886627504,-1.0,0,1,0.4707287739623677,1.5854564618605833
72,1,37,87.43031198080118,92.05616952245767,86.40056875888686,0.3067266345024109,1,0,,
73,1,37,70.28623011246097,29.32769726247987,79.69841343262871,-1.0,0,1,0.46525534910041016,1.9327752406780536
74,1,38,87.82351855270444,92.68478150664099,86.74137269505947,0.5107652544975281,1,0,,
75,1,38,61.72565539549404,45.95410628019324,65.34992367824599,-1.0,0,1,0.4539902432785406,1.70064054028346
76,1,39,88.12811519291121,92.94332353239379,87.05622136456994,0.5051900148391724,1,0,,
77,1,39,63.62884116297439,42.47181964573269,68.49067949488875,-1.0,0,1,0.44567780096387355,1.7022689856015718
78,1,40,88.23795458741,92.87235121159891,87.20631051526847,0.4293670058250427,1,0,,
79,1,40,60.41298378906985,47.62479871175523,63.3516813913687,-1.0,0,1,0.43963306253817735,1.7174228126039872
80,1,41,88.56654975078456,93.02443475615938,87.5741982079581,0.4494248926639557,1,0,,
81,1,41,60.130891036972955,49.45652173913044,62.58383829039271,-1.0,0,1,0.4300335918189221,1.7016216441988945
82,1,42,88.92283551781429,93.53137990469432,87.8969463064527,0.6401517987251282,1,0,,
83,1,42,64.89261669236845,39.27133655394525,70.78033211526898,-1.0,0,1,0.4194995202168101,1.7922541287082892
84,1,43,89.04190511353147,93.45533813241407,88.05944884555488,0.49434277415275574,1,0,,
85,1,43,58.810696957159514,51.489533011272144,60.49308478653037,-1.0,0,1,0.41157434685452626,1.724450256388921
86,1,44,89.4341886653129,93.83047754232992,88.45554878461643,0.5215633511543274,1,0,,
87,1,44,47.74889983826682,69.36392914653784,42.78181229474074,-1.0,0,1,0.4026181383812723,1.7573892462712069
88,1,45,91.90511353147498,96.19284193450268,90.95063985374772,1.4223889112472534,1,0,,
89,1,45,64.2720126377553,41.1231884057971,69.59156297701097,-1.0,0,1,0.3351336749448686,1.8073860315176158
90,1,46,92.5715340594425,96.81638446720065,91.62660527681857,0.2598226070404053,1,0,,
91,1,46,65.03178245006958,39.190821256038646,70.96998011008834,-1.0,0,1,0.31688509684456284,1.8731211400949037
92,1,47,92.60014768321949,96.82652337017134,91.65933148260997,0.2327241450548172,1,0,,
93,1,47,64.61052394027156,40.01610305958132,70.26226930015264,-1.0,0,1,0.3133398246068459,1.860480937247093
94,1,48,92.81244231124238,97.10027375038021,91.85794569706819,0.39093780517578125,1,0,,
95,1,48,63.62884116297439,42.270531400966185,68.53693510338128,-1.0,0,1,0.3045279325954748,1.841508235495824
96,1,49,92.85305519660328,97.16617661968975,91.89292888256935,0.18646405637264252,1,0,,
97,1,49,63.136119155978484,43.51851851851852,67.64420185947546,-1.0,0,1,0.3046284235459714,1.821434121292371
98,1,50,93.09119438803766,97.1915238771165,92.17843681585302,0.3276754319667816,1,0,,
99,1,50,64.4826418926543,40.09661835748792,70.08649798788103,-1.0,0,1,0.297113304665266,1.879297486291482
100,1,51,93.06534982462618,97.20166278008719,92.14458212020673,0.42837706208229065,1,0,,
101,1,51,64.46007447248655,40.84138486312399,69.88759887136315,-1.0,0,1,0.2999342831979817,1.864757729264406
102,1,52,93.03027505999631,97.31319071276488,92.07687272891417,0.16674453020095825,1,0,,
103,1,52,64.67070372738556,39.59339774557166,70.433415051575,-1.0,0,1,0.29667642601757993,1.8932141312039816
104,1,53,93.1733431788813,97.40444083950116,92.23147583903221,0.22358392179012299,1,0,,
105,1,53,64.1554143002219,41.1634460547504,69.43891946898562,-1.0,0,1,0.2963203147950955,1.8607902638614178
106,1,54,93.27487539228355,97.44499645138396,92.34658180422959,0.25157976150512695,1,0,,
107,1,54,65.47936961672998,38.56682769726248,71.66381423747629,-1.0,0,1,0.28999017668094096,1.9174234494566917
108,1,55,93.2019568026583,97.32332961573557,92.2845148622114,0.3369956612586975,1,0,,
109,1,55,64.44502952570805,41.10305958132045,69.80896433692585,-1.0,0,1,0.29239961763551414,1.8805034773854108
110,1,56,93.39671404836625,97.56666328703234,92.46845870855621,0.23404790461063385,1,0,,
111,1,56,64.20431037725204,40.31803542673108,69.69332531569452,-1.0,0,1,0.2866770316359566,1.8854409731351411
112,1,57,93.37917666605132,97.38923248504511,92.48651454623423,0.26285552978515625,1,0,,
113,1,57,64.17422048369504,40.76086956521739,69.55455849021693,-1.0,0,1,0.28833595062512574,1.9042855495443711
114,1,58,93.43086579287429,97.36388522761837,92.55535242738168,0.7215129137039185,1,0,,
115,1,58,62.13939143190281,45.06843800322061,66.06226004903094,-1.0,0,1,0.286235953974752,1.826075357886461
116,1,59,93.4862470001846,97.38923248504511,92.61741936939987,0.25100263953208923,1,0,,
117,1,59,62.50799262797608,44.46457326892109,66.65433183773533,-1.0,0,1,0.28381729722374865,1.8433943058435733
118,1,60,93.50378438249953,97.55145493257629,92.60274900128648,0.2950733006000519,1,0,,
119,1,60,64.44126828901342,39.89533011272142,70.08187242703178,-1.0,0,1,0.2831986672657299,1.9216801587205667
120,1,61,93.51116854347424,97.5007604177228,92.62306181867424,0.24695049226284027,1,0,,
121,1,61,63.97111370218528,41.10305958132045,69.22614366991998,-1.0,0,1,0.28075987292363486,1.8759151897751367
122,1,62,93.63854532028799,97.57680219000304,92.76186607082403,0.5476779937744141,1,0,,
123,1,62,64.35852108173167,40.9621578099839,69.7349553633378,-1.0,0,1,0.2800519095718368,1.9022927587995162
124,1,63,93.53516706664205,97.5210382236642,92.64788859548153,0.2569033205509186,1,0,,
125,1,63,63.99368112235303,41.30434782608695,69.20764142652297,-1.0,0,1,0.2795723013606235,1.891014359318293
126,1,64,93.82222632453387,97.70353847713677,92.95822330557249,0.17426514625549316,1,0,,
127,1,64,64.80610824839206,39.59339774557166,70.5999352421481,-1.0,0,1,0.2736661792012567,1.948851156120117
128,1,65,93.88037659220971,97.76437189496096,93.01577628817117,0.2290366291999817,1,0,,
129,1,65,65.27626283522022,38.64734299516908,71.39553170821962,-1.0,0,1,0.27214964793240726,1.9727082831355243
130,1,66,93.87114639099133,97.76437189496096,93.0044913896224,0.3077898621559143,1,0,,
131,1,66,65.5132207469816,38.00322061191626,71.83495998889866,-1.0,0,1,0.27067035971453507,1.9705527370365767
132,1,67,93.91452833671774,97.72381628307816,93.06655833164059,0.21779614686965942,1,0,,
133,1,67,64.7496896979727,39.392109500805155,70.57680743790185,-1.0,0,1,0.27031887886515754,1.9563980824672258
134,1,68,93.90068303489016,97.75423299199026,93.0428600446882,0.20544332265853882,1,0,,
135,1,68,64.54282167976831,40.01610305958132,70.17900920486609,-1.0,0,1,0.26981845901841395,1.9415589754398053
136,1,69,93.76038397637069,97.49569096623745,92.9288825693457,0.2446681410074234,1,0,,
137,1,69,64.84372061533833,39.27133655394525,70.72019982422869,-1.0,0,1,0.27371021413817176,1.9290704721441636
138,1,70,93.89699095440281,97.72888573456352,93.04398853454308,0.20344258844852448,1,0,,
139,1,70,64.7647346447512,39.392109500805155,70.59530968129886,-1.0,0,1,0.27082192426307705,1.9424540944970572
140,1,71,93.95052612146945,97.72381628307816,93.11056943598076,0.1684638261795044,1,0,,
141,1,71,65.45680219656224,38.08373590982286,71.74707433276285,-1.0,0,1,0.27035468827312925,1.9736550559218113
142,1,72,93.81761122392469,97.67819121971003,92.95822330557249,0.36454135179519653,1,0,,
143,1,72,64.81739195847595,39.55314009661836,70.62306304639438,-1.0,0,1,0.2723271432635072,1.9385031249660711
144,1,73,94.0400590732878,97.83027476427051,93.19633466495137,0.2364775538444519,1,0,,
145,1,73,64.26072892767142,41.06280193236715,69.59156297701097,-1.0,0,1,0.2697791538983056,1.9185287241752331
146,1,74,93.987446926343,97.79478860387306,93.13991017220755,0.5027099847793579,1,0,,
147,1,74,65.04306616015346,38.92914653784219,71.0439890836764,-1.0,0,1,0.26840205731611466,1.9505617956702526
148,1,75,93.99852316780506,97.62749670485654,93.19069221567698,0.21130000054836273,1,0,,
149,1,75,64.69327114755332,39.67391304347826,70.44266617327351,-1.0,0,1,0.27036888987142615,1.9449874649827297
150,1,76,93.90806719586487,97.74409408901957,93.05414494323696,0.3521609902381897,1,0,,
151,1,76,65.13333584082446,38.828502415458935,71.17813034830473,-1.0,0,1,0.27029974190375317,1.9634330226824834
152,1,77,93.90806719586487,97.69846902565142,93.06430135193085,0.16123849153518677,1,0,,
153,1,77,64.80610824839206,39.472624798711756,70.62768860724363,-1.0,0,1,0.27023171270189206,1.9538623272226407
154,1,78,93.9662174635407,97.80999695832911,93.11056943598076,0.35353755950927734,1,0,,
155,1,78,64.12156316997029,41.46537842190016,69.32790600860355,-1.0,0,1,0.26892973329550823,1.8948136527950947
156,1,79,93.87391545135684,97.80999695832911,92.99772045049315,0.268734872341156,1,0,,
157,1,79,63.8996502049874,41.948470209339774,68.94398445811555,-1.0,0,1,0.2699177982780418,1.8891383718985777
158,1,80,93.9256045781798,97.80492750684375,93.0620443722211,0.2743067145347595,1,0,,
159,1,80,64.8550043254222,39.512882447665056,70.6785697765854,-1.0,0,1,0.26835150853098494,1.9519559614933455
160,1,81,94.05851947572457,97.86576092466795,93.21100503306475,0.14656220376491547,1,0,,
161,1,81,65.05434987023733,38.888888888888886,71.06711688792267,-1.0,0,1,0.2678504664156203,1.9498836163144846
162,1,82,94.03821303304412,97.85562202169726,93.18843523596723,0.1728358268737793,1,0,,
163,1,82,64.3622823184263,40.23752012882448,69.90610111476016,-1.0,0,1,0.2678325434326422,1.9246139904627433
164,1,83,94.0068303489016,97.71874683159282,93.1805358069831,0.2029883712530136,1,0,,
165,1,83,64.2720126377553,40.33816425120773,69.77195985013182,-1.0,0,1,0.26920265731662335,1.9153093174099922
166,1,84,93.92098947757061,97.76944134644631,93.06430135193085,0.29689523577690125,1,0,,
167,1,84,63.45582427502163,42.7938808373591,68.20389472223508,-1.0,0,1,0.26943458768032236,1.8693631572219043
168,1,85,93.97452464463726,97.83534421575585,93.11508339540028,0.21992971003055573,1,0,,
169,1,85,64.68198743746945,39.71417069243156,70.41953836902725,-1.0,0,1,0.2681193392385136,1.9343986402337368
170,1,86,93.96898652390622,97.81506640981446,93.11282641569052,0.22358158230781555,1,0,,
171,1,86,65.09572347387821,39.130434782608695,71.0624913270734,-1.0,0,1,0.2699515274874294,1.971925525711133
172,1,87,94.09451726047628,97.8505525702119,93.25840160696956,0.2751782536506653,1,0,,
173,1,87,64.85876556211683,39.392109500805155,70.71094870253019,-1.0,0,1,0.2678062497971331,1.9525360490840216
174,1,88,93.89514491415913,97.72888573456352,93.04173155483332,0.5573234558105469,1,0,,
175,1,88,64.37356602851017,41.10305958132045,69.72107868079004,-1.0,0,1,0.27021461642548494,1.917121933056758
176,1,89,94.05390437511538,97.8505525702119,93.208748053355,0.27683109045028687,1,0,,
177,1,89,64.70079362094256,39.170692431561996,70.56755631620334,-1.0,0,1,0.26801497801487395,1.9297371414991527
178,1,90,94.00129222817057,97.84041366724121,93.1466811113368,0.3456432819366455,1,0,,
179,1,90,65.14085831421372,38.92914653784219,71.16425366575697,-1.0,0,1,0.268418958557961,1.95053657832054
180,1,91,94.02990585194758,97.85562202169726,93.17827882727335,1.2648652791976929,1,0,,
181,1,91,63.79057434084327,41.78743961352657,68.84684768028123,-1.0,0,1,0.2684263575386691,1.8896213431770985
182,1,92,94.07328779767398,97.98742776031634,93.20197711422574,0.1864096224308014,1,0,,
183,1,92,64.60676270357693,40.23752012882448,70.20676256996161,-1.0,0,1,0.2663046421907587,1.9409240879691565
184,1,93,94.0520583348717,98.00263611477239,93.17263637799896,0.20865994691848755,1,0,,
185,1,93,63.764245683980896,41.56602254428341,68.86534992367825,-1.0,0,1,0.2666808725670068,1.8967130665595715
186,1,94,94.03821303304412,97.75423299199026,93.21100503306475,0.2622891366481781,1,0,,
187,1,94,65.37405498928048,38.486312399355874,71.55280077709422,-1.0,0,1,0.26701804120291506,1.9815863869511163
188,1,95,94.02067565072919,97.65284396228328,93.21213352291963,0.3095554709434509,1,0,,
189,1,95,65.3778162259751,38.34541062801932,71.58980526388825,-1.0,0,1,0.270055111546021,1.9654580710025935
190,1,96,94.03267491231308,97.93673324546285,93.16360845915995,0.3492685556411743,1,0,,
191,1,96,65.23112799488472,38.727858293075684,71.32152273463157,-1.0,0,1,0.26868441989458436,1.9684706645516248
192,1,97,94.01790659036367,97.89617763358005,93.15458054032094,0.1703995317220688,1,0,,
193,1,97,64.35852108173167,40.68035426731079,69.79971321522734,-1.0,0,1,0.26765145025399667,1.9107949687884405
194,1,98,94.06682665682112,97.72381628307816,93.25275915769517,0.32039204239845276,1,0,,
195,1,98,64.34347613495318,40.11674718196457,69.91072667560941,-1.0,0,1,0.26858791307828783,1.917673559142993
196,1,99,94.03913605316596,97.81506640981446,93.19859164466112,0.339897096157074,1,0,,
197,1,99,64.9452740060932,39.130434782608695,70.87746889310328,-1.0,0,1,0.26640949311194484,1.9392423005058215
198,1,100,93.96067934280967,97.74916354050492,93.11734037511003,0.29250583052635193,1,0,,
199,1,100,64.3472373716478,40.57971014492754,69.80896433692585,-1.0,0,1,0.2689872704437519,1.9201099740771146
200,2,1,55.323321127860076,57.680631451123254,54.79291422846604,0.9539787769317627,1,0,,
201,2,1,59.54620311070448,53.08316430020284,60.96896628711766,-1.0,0,1,1.1151440901932053,1.0994370131292075
202,2,2,57.84929648147804,62.922485326856915,56.70780300097908,0.9608050584793091,1,0,,
203,2,2,59.72552607502287,51.13590263691684,61.61643223933914,-1.0,0,1,1.0851517375669355,1.1044153011290827
204,2,3,59.54629096113455,64.99696417729204,58.3198615633325,1.1709545850753784,1,0,,
205,2,3,56.344007319304666,58.21501014198783,55.93212770707747,-1.0,0,1,1.064268858622711,1.1035357162217114
206,2,4,61.23863868701325,67.17263711799231,59.903458639768665,0.8220523595809937,1,0,,
207,2,4,63.904849039341265,44.21906693711968,68.23844608171467,-1.0,0,1,1.0417224365097164,1.1152282602319092
208,2,5,63.0796825337819,68.73102610807528,61.80810127735149,1.159829020500183,1,0,,
209,2,5,50.649588289112536,67.54563894523326,46.930118329984374,-1.0,0,1,1.0193238142129215,1.1165407742852362
210,2,6,64.77853571494954,70.34001214329083,63.527175026753795,0.9582104086875916,1,0,,
211,2,6,59.83897529734675,52.251521298174445,61.509265461040414,-1.0,0,1,0.9955800581772177,1.1291175111431941
212,2,7,66.31196446162711,71.72637117992309,65.09369521163961,1.0496253967285156,1,0,,
213,2,7,47.84263494967978,72.47464503042596,42.42018307657959,-1.0,0,1,0.9731812832188238,1.143004414912696
214,2,8,67.54056616048028,72.8648046954058,66.34258521368884,1.0413806438446045,1,0,,
215,2,8,54.75937785910339,58.76267748478702,53.8780977896852,-1.0,0,1,0.9487378256357808,1.1408086797901402
216,2,9,68.97827177933496,74.31188018619713,67.77818256335527,0.8811793923377991,1,0,,
217,2,9,52.633119853613906,65.0709939148073,49.89506586291583,-1.0,0,1,0.9263489744609374,1.1466340684445104
218,2,10,70.31374881507779,75.7538959724752,69.08968783442246,0.9324293732643127,1,0,,
219,2,10,57.64318389752974,55.94320486815416,58.01741460147354,-1.0,0,1,0.9022199661071179,1.1585128209858297
220,2,11,71.47171985650824,76.63934426229508,70.30897789111773,0.9145445227622986,1,0,,
221,2,11,59.77676120768527,51.07505070993915,61.69234204063407,-1.0,0,1,0.8802961720581145,1.1740736693979423
222,2,12,72.59158751696066,77.99534507184781,71.37571438329653,1.0576835870742798,1,0,,
223,2,12,52.5672461116194,64.48275862068965,49.94418396963608,-1.0,0,1,0.8548158680074421,1.1838191561052733
224,2,13,73.68450400550175,79.07812183768468,72.47091236139256,0.8479470014572144,1,0,,
225,2,13,58.52516010978957,53.81338742393509,59.56240232194686,-1.0,0,1,0.8345437127826614,1.1932451970109315
226,2,14,74.65567554506421,79.97368953653107,73.45909515243972,0.6828674674034119,1,0,,
227,2,14,62.12259835315645,47.64705882352941,65.30922080821612,-1.0,0,1,0.811719510132861,1.2371846763330085
228,2,15,75.75230943662757,81.25379477838494,74.5144470502516,0.7810283303260803,1,0,,
229,2,15,59.06312900274474,52.79918864097363,60.442062960482254,-1.0,0,1,0.7884678051814739,1.218321028713868
230,2,16,76.50229549636624,82.01781015988666,75.26127644072042,0.8524354100227356,1,0,,
231,2,16,54.214089661482156,61.1764705882353,52.68140209868274,-1.0,0,1,0.7692705637351228,1.223054249152959
232,2,17,77.59428263415178,83.61667678607569,76.23921309683736,0.7339284420013428,1,0,,
233,2,17,60.83074107959744,49.18864097363083,63.393614646126366,-1.0,0,1,0.7457484352744576,1.2515088832266976
234,2,18,78.22159439415624,83.87472171625177,76.9496117853321,0.6224156022071838,1,0,,
235,2,18,68.08417200365965,34.2393509127789,75.53471757088636,-1.0,0,1,0.730254267257119,1.3389177447724565
236,2,19,79.00968383487296,84.80570734669095,77.70554885129442,0.8758784532546997,1,0,,
237,2,19,64.67337602927722,42.4340770791075,69.56910024559053,-1.0,0,1,0.7085029716015429,1.323092061225499
238,2,20,79.7996319771008,85.74175268164339,78.46262437669346,0.556641161441803,1,0,,
239,2,20,61.935956084172005,46.28803245436105,65.38066532708194,-1.0,0,1,0.6877501555557909,1.3218373828959242
240,2,21,80.35631307968254,86.15158874721716,79.05234636489902,0.6983988285064697,1,0,,
241,2,21,58.19213174748399,54.01622718052738,59.11140879660638,-1.0,0,1,0.6712474704284872,1.318960336045684
242,2,22,80.87024404750841,86.67779801659583,79.56351465197295,0.6010399460792542,1,0,,
243,2,22,62.360475754803296,45.09127789046653,66.16208975217683,-1.0,0,1,0.6564537807324553,1.3324516220627545
244,2,23,81.61837140573596,87.22424610402753,80.35702087934607,0.7122116088867188,1,0,,
245,2,23,62.00914913083257,46.3894523326572,65.44764456351864,-1.0,0,1,0.6378633559600635,1.3629254982850263
246,2,24,82.38136837605249,87.90224650880388,81.13914251235228,0.6637288928031921,1,0,,
247,2,24,65.32845379688929,40.588235294117645,70.77472650145121,-1.0,0,1,0.6173950138542796,1.4100098562574832
248,2,25,82.91109830672292,88.67132159481886,81.61501855688881,0.7216001749038696,1,0,,
249,2,25,62.01646843549863,46.105476673427994,65.51908908238445,-1.0,0,1,0.6030272528546886,1.3704442660385203
250,2,26,83.31164848237022,88.80287391216353,82.07609462874838,0.8369443416595459,1,0,,
251,2,26,52.04025617566331,63.2657200811359,49.56910024559053,-1.0,0,1,0.590984266060853,1.36762628989799
252,2,27,83.8153565918849,89.5264116575592,82.5303399439878,0.6474238634109497,1,0,,
253,2,27,65.43092406221409,39.53346855983773,71.13194909578031,-1.0,0,1,0.5736226251306772,1.4135130446090876
254,2,28,84.5476849872679,90.14875531268974,83.28741546938683,0.5161093473434448,1,0,,
255,2,28,66.62397072278134,36.81541582150101,73.18597901317258,-1.0,0,1,0.5557974117335185,1.497000944948642
256,2,29,84.89340346833701,90.7103825136612,83.58455338236298,0.5046990513801575,1,0,,
257,2,29,57.511436413540714,54.523326572008116,58.16923420406341,-1.0,0,1,0.543342993425274,1.4365436259274171
258,2,30,85.13596401553875,90.87735276259866,83.84412213392837,0.63316810131073,1,0,,
259,2,30,59.75846294602013,50.79107505070994,61.73252958249609,-1.0,0,1,0.5330884428993842,1.4809338564627639
260,2,31,85.640601475809,91.39344262295081,84.34618274550878,0.4263300895690918,1,0,,
261,2,31,64.2708142726441,43.022312373225155,68.94842598794374,-1.0,0,1,0.5191395850796762,1.5260273126241202
262,2,32,86.22609245181316,91.81845780206436,84.96778159794167,0.5822646617889404,1,0,,
263,2,32,64.40622140896615,42.23123732251521,69.28778745255637,-1.0,0,1,0.5049873836754902,1.534583866039169
264,2,33,86.58203379119347,91.91459218781623,85.38218083289692,0.4975570738315582,1,0,,
265,2,33,62.265324794144554,45.98377281947262,65.84951998213887,-1.0,0,1,0.4932368310892625,1.5331971358473055
266,2,34,86.80136056950614,92.03096539162112,85.62467269291196,0.5538479685783386,1,0,,
267,2,34,62.59835315645014,44.503042596348884,66.58182630051351,-1.0,0,1,0.48288873525493636,1.5455502065542703
268,2,35,87.12198658017509,92.22323416312487,85.97417973997587,0.42507582902908325,1,0,,
269,2,35,65.77859103385178,40.26369168356998,71.39540075909801,-1.0,0,1,0.47682894172764845,1.6439759458336876
270,2,36,87.55227598000037,92.85569722728192,86.35897902957717,0.6121957302093506,1,0,,
271,2,36,62.60933211344922,45.030425963488845,66.47912480464389,-1.0,0,1,0.46136682378692945,1.564016948793536
272,2,37,87.8979944610695,93.06314511232544,86.73580910312165,0.31326040625572205,1,0,,
273,2,37,67.87191216834401,34.38133874239351,75.24447421299398,-1.0,0,1,0.4498544002082487,1.7310968358940053
274,2,38,87.89706511031393,92.916413681441,86.76768596734898,0.34750673174858093,1,0,,
275,2,38,68.67337602927722,33.54969574036511,76.40544764456352,-1.0,0,1,0.45040738646397266,1.7714312962282484
276,2,39,88.41471348116205,93.12892127099778,87.35399257724447,0.450033962726593,1,0,,
277,2,39,63.74016468435499,42.27180527383367,68.46617548559946,-1.0,0,1,0.4347427240024707,1.63494116402118
278,2,40,88.74463299938662,93.43756324630641,87.68869965163141,0.49040284752845764,1,0,,
279,2,40,63.03385178408051,44.38133874239351,67.13998660415271,-1.0,0,1,0.4272308149746,1.6254456993018356
280,2,41,88.84128547796509,93.45780206435944,87.80254559530044,0.2945432662963867,1,0,,
281,2,41,67.6889295516926,34.05679513184584,75.09265461040411,-1.0,0,1,0.42018220625932945,1.7442282722375104
282,2,42,89.25484656419026,93.79680226674762,88.23288326236936,0.7401642203330994,1,0,,
283,2,42,68.13906678865507,34.62474645030426,75.5168564411699,-1.0,0,1,0.40824135142189144,1.8225426478920697
284,2,43,89.45465697663612,93.85245901639344,88.46512898745418,0.45981988310813904,1,0,,
285,2,43,64.75754803293687,41.84584178498986,69.80129493190444,-1.0,0,1,0.4003369491569494,1.7492730433695785
286,2,44,89.62751621717068,94.13074276462254,88.61426717366061,0.2628195583820343,1,0,,
287,2,44,64.39524245196706,41.825557809330626,69.3636972538513,-1.0,0,1,0.39313719626272475,1.737388096680151
288,2,45,89.91468560063939,94.31289212709977,88.92506659987704,0.41097426414489746,1,0,,
289,2,45,65.86276303751144,38.25557809330629,71.94016521544988,-1.0,0,1,0.38266490711681056,1.759011237977821
290,2,46,89.93513131726176,94.18133980975512,88.97971265283817,0.5187185406684875,1,0,,
291,2,46,60.20128087831656,50.4868154158215,62.33980799285555,-1.0,0,1,0.3832244893423017,1.6835607696916455
292,2,47,90.10520250552963,94.27747419550698,89.16642000045539,0.49275168776512146,1,0,,
293,2,47,67.21683440073193,35.4158215010142,74.21745925429784,-1.0,0,1,0.3803498740003452,1.861735049252198
294,2,48,90.41002955335402,94.5658773527626,89.47494250779845,0.346380352973938,1,0,,
295,2,48,66.47026532479414,37.2210953346856,72.90913150256753,-1.0,0,1,0.3677001688341465,1.8809510475007174
296,2,49,90.53456255459936,94.64177292046145,89.6104191807646,0.2627275288105011,1,0,,
297,2,49,68.15736505032022,32.79918864097363,75.9410582719357,-1.0,0,1,0.3635405418457514,1.9190868264603838
298,2,50,90.8328841471348,94.93523578223032,89.90983401261413,0.32139673829078674,1,0,,
299,2,50,64.77218664226899,40.60851926977688,70.09153828979683,-1.0,0,1,0.3557561428311605,1.8301772386114175
300,2,51,90.9509116930912,94.88463873709776,90.0658029554407,0.3600544333457947,1,0,,
301,2,51,60.30009149130833,49.57403651115619,62.66130832775173,-1.0,0,1,0.3502985052099976,1.7894930182216324
302,2,52,90.97507481273583,94.85428051001821,90.10223365741479,0.4730813503265381,1,0,,
303,2,52,67.8975297346752,33.50912778904665,75.46773833444965,-1.0,0,1,0.34664195924820146,2.027636506847132
304,2,53,91.39328265273879,95.17810159886663,90.54167899997724,0.3655622899532318,1,0,,
305,2,53,62.94967978042086,44.11764705882353,67.09533377986158,-1.0,0,1,0.3378305080281427,1.7789812310833797
306,2,54,91.39421200349436,95.10220603116778,90.55989435096427,0.29545891284942627,1,0,,
307,2,54,64.8124428179323,41.01419878296146,70.0513507479348,-1.0,0,1,0.3341527896956513,1.8870326174753849
308,2,55,91.66465307336294,95.20845982594616,90.86727839887065,0.35713598132133484,1,0,,
309,2,55,65.24062214089662,40.182555780933065,70.75686537173476,-1.0,0,1,0.32708469104114807,1.9237370892105816
310,2,56,91.92765933718704,95.44626593806922,91.13595482592955,0.18358497321605682,1,0,,
311,2,56,67.96706312900274,33.732251521298174,75.50346059388256,-1.0,0,1,0.31829716382142903,2.0168988454007657
312,2,57,92.0540510399435,95.52216150576807,91.27370841776907,0.5174909830093384,1,0,,
313,2,57,60.72827081427264,48.29614604462475,63.465059164992184,-1.0,0,1,0.3148704628137856,1.8220611766119983
314,2,58,92.05033363692125,95.41590771098967,91.29306222819281,0.44672200083732605,1,0,,
315,2,58,57.848124428179325,53.38742393509128,58.83009600357222,-1.0,0,1,0.3137151688231016,1.813418197854657
316,2,59,92.27244846750061,95.80550495851043,91.47749265693663,0.4361876845359802,1,0,,
317,2,59,57.92863677950595,52.10953346855984,59.209645010046884,-1.0,0,1,0.30316790511364317,1.837159100536988
318,2,60,92.35051393096782,95.74478850435135,91.5867847628589,0.3213200569152832,1,0,,
319,2,60,56.17932296431839,56.16632860040568,56.18218352310784,-1.0,0,1,0.3050628578850687,1.8774543309880194
320,2,61,92.38489990892363,95.81562436753694,91.61296932990278,0.3656162917613983,1,0,,
321,2,61,61.51875571820677,46.511156186612574,64.82250502344273,-1.0,0,1,0.30178369498422963,1.951221084483316
322,2,62,92.71110202412595,95.83586318558996,92.0080147544343,0.2082183063030243,1,0,,
323,2,62,68.2195791399817,33.97565922920892,75.75798169234204,-1.0,0,1,0.29261155199706906,2.1262607658020802
324,2,63,92.51222096243565,95.62335559603319,91.81219973132357,0.23628070950508118,1,0,,
325,2,63,63.35224153705398,43.91480730223124,67.63116767135521,-1.0,0,1,0.29646925707918004,1.9632207472747731
326,2,64,92.76965112172635,95.88140052620928,92.06949156401558,0.3601554036140442,1,0,,
327,2,64,69.10521500457456,32.4340770791075,77.17794150480017,-1.0,0,1,0.28638117002073,2.197000845848957
328,2,65,92.92764075017193,96.10402752479256,92.21293745303855,0.3374238908290863,1,0,,
329,2,65,61.80420860018298,47.26166328600406,65.00558160303639,-1.0,0,1,0.2841774527156254,1.9188369359368476
330,2,66,92.95923867586104,96.0635498886865,92.26075274937953,0.270376056432724,1,0,,
331,2,66,62.426349496797805,44.01622718052738,66.47912480464389,-1.0,0,1,0.28087758081527725,1.9569047979105298
332,2,67,93.12187505808443,96.03319166160696,92.46681390742047,0.426514208316803,1,0,,
333,2,67,62.44464775846295,44.705882352941174,66.3496316141996,-1.0,0,1,0.2753795053141012,1.9283146401432072
334,2,68,94.96663630787532,97.5156850839911,94.39308727430041,0.20159552991390228,1,0,,
335,2,68,66.17383348581885,37.05882352941177,72.58316588524224,-1.0,0,1,0.21995358835290077,2.130014791388378
336,2,69,95.31421349045557,97.91540174053836,94.72893280812404,0.1378299593925476,1,0,,
337,2,69,65.16376944190301,39.22920892494929,70.87296271489171,-1.0,0,1,0.2083281703497085,2.059809605094874
338,2,70,95.42294752885634,97.94575996761789,94.85530180559667,0.49246782064437866,1,0,,
339,2,70,64.20128087831657,41.01419878296146,69.30564858227282,-1.0,0,1,0.2053844579069141,2.0331086677925607
340,2,71,95.56327949294622,98.22910342036025,94.96345545208224,0.15121790766716003,1,0,,
341,2,71,66.8508691674291,36.02434077079108,73.63697253851306,-1.0,0,1,0.19829642127725372,2.1742798752873855
342,2,72,95.70454080779167,98.21898401133373,95.13877820533254,0.2949956953525543,1,0,,
343,2,72,65.36505032021958,38.21501014198783,71.34181736994864,-1.0,0,1,0.19564810868321644,2.106233428571826
344,2,73,95.75286704708091,98.32523780611213,95.17407044786994,0.1744588166475296,1,0,,
345,2,73,65.93229643183898,37.099391480730226,72.27952668006252,-1.0,0,1,0.1930889593931214,2.1130785128780616
346,2,74,95.78539432352558,98.33535721513863,95.21163960928072,0.8268787860870361,1,0,,
347,2,74,65.41262580054895,38.25557809330629,71.3909354766689,-1.0,0,1,0.1930425215986481,2.083050307269408
348,2,75,95.76308990539209,98.19368548876746,95.21619344702748,0.3156639635562897,1,0,,
349,2,75,66.24702653247941,37.11967545638945,72.65907568653718,-1.0,0,1,0.19261153548176307,2.1689651257523868
350,2,76,95.82814445828144,98.34041691965189,95.26287028393179,0.24820023775100708,1,0,,
351,2,76,67.03385178408051,35.61866125760649,73.94954230855102,-1.0,0,1,0.19125329999875512,2.201132852897466
352,2,77,95.94524265348228,98.3859542602712,95.39607003802455,0.19852939248085022,1,0,,
353,2,77,64.91857273559012,39.6551724137931,70.48001786112971,-1.0,0,1,0.18754764474423405,2.1056292781205936
354,2,78,95.79933458485901,98.28981987451932,95.23896263576128,0.12698009610176086,1,0,,
355,2,78,66.96431838975298,35.39553752535497,73.9138200491181,-1.0,0,1,0.1899363260702911,2.206309583142539
356,2,79,95.90342186948197,98.38089455575795,95.34597782281017,0.17251956462860107,1,0,,
357,2,79,66.32021957913999,37.7079107505071,72.61888814467515,-1.0,0,1,0.1869830600164308,2.1607675686060825
358,2,80,95.9768405791714,98.31005869257235,95.45185455042237,0.2587692439556122,1,0,,
359,2,80,66.99725526075022,36.12576064908722,73.79325742353204,-1.0,0,1,0.18574520942891254,2.203665227533501
360,2,81,95.94059589970446,98.49220805504959,95.3664700926706,0.17030514776706696,1,0,,
361,2,81,66.92406221408966,35.598377281947265,73.82004911810672,-1.0,0,1,0.1862141608607188,2.199996237442872
362,2,82,96.02609616921619,98.42643189637725,95.48600833352307,0.14630599319934845,1,0,,
363,2,82,67.81701738334858,34.21906693711968,75.21321723599017,-1.0,0,1,0.183865278852964,2.24775582106314
364,2,83,96.05397669188305,98.3960736692977,95.52699287324393,0.17507629096508026,1,0,,
365,2,83,67.80969807868253,34.07707910750507,75.23554364813575,-1.0,0,1,0.18271563140128372,2.270053492528256
366,2,84,96.00843850486051,98.27970046549281,95.49739292788998,0.2044709473848343,1,0,,
367,2,84,66.47392497712717,36.105476673427994,73.1591873185979,-1.0,0,1,0.1834778507349749,2.2127225465863662
368,2,85,96.02144941543837,98.27464076097957,95.51446981944034,0.13780511915683746,1,0,,
369,2,85,66.75205855443733,35.9026369168357,73.54320160750167,-1.0,0,1,0.1824567027469736,2.23105575408891
370,2,86,96.14319436441701,98.5023274640761,95.6123773309957,0.1370849758386612,1,0,,
371,2,86,66.54345837145472,36.69371196754564,73.11453449430677,-1.0,0,1,0.1785934940955018,2.189354278216852
372,2,87,96.11717254326128,98.49726775956285,95.58163892620506,0.11866389960050583,1,0,,
373,2,87,66.96065873741995,35.96348884381339,73.78432685867381,-1.0,0,1,0.17941118119446192,2.234382372593211
374,2,88,96.16921618557276,98.50738716858936,95.64311573578634,0.21262013912200928,1,0,,
375,2,88,66.39341262580055,37.038539553752535,72.85554811341818,-1.0,0,1,0.17870786203144565,2.2061230969206194
376,2,89,96.13761825988365,98.39101396478446,95.63059268198275,1.4161889553070068,1,0,,
377,2,89,65.95425434583714,37.93103448275862,72.12324179504354,-1.0,0,1,0.18028364354007026,2.111100487619917
378,2,90,96.14319436441701,98.44161100991703,95.62603884423598,0.2121059000492096,1,0,,
379,2,90,67.7950594693504,34.32048681541582,75.16409912926993,-1.0,0,1,0.17834504594523615,2.2985041837825952
380,2,91,96.18594449917288,98.5124468731026,95.66246954621006,0.12860073149204254,1,0,,
381,2,91,66.69350411710887,35.9026369168357,73.47175708863585,-1.0,0,1,0.17885002777352485,2.2390996986460463
382,2,92,96.19895540975075,98.53268569115563,95.67385414057698,0.14651095867156982,1,0,,
383,2,92,63.743824336688014,41.66328600405679,68.60459924090199,-1.0,0,1,0.1777646908366014,2.0687110084239566
384,2,93,96.15620527499489,98.52256628212912,95.6237619253626,0.16392892599105835,1,0,,
385,2,93,66.93870082342177,36.004056795131845,73.7486045992409,-1.0,0,1,0.17759712405423064,2.243359803874916
386,2,94,96.19988476050631,98.38089455575795,95.70914638311437,0.47379446029663086,1,0,,
387,2,94,67.16559926806953,35.25354969574037,74.19066755972315,-1.0,0,1,0.17824961704409079,2.23569150115842
388,2,95,96.18501514841732,98.45173041894354,95.67499260001367,0.10273154079914093,1,0,,
389,2,95,67.69624885635865,34.34077079107505,75.03907122125474,-1.0,0,1,0.17665045882943978,2.2784060568452995
390,2,96,96.1339008568614,98.3859542602712,95.62717730367267,0.11068115383386612,1,0,,
391,2,96,67.30100640439159,35.84178498985801,74.22638981915607,-1.0,0,1,0.178525890140627,2.279603705784985
392,2,97,96.11624319250572,98.40113337381096,95.60213119606549,0.1191052794456482,1,0,,
393,2,97,66.30558096980786,36.75456389452333,72.81089528912703,-1.0,0,1,0.17862600813687343,2.211263390902047
394,2,98,96.27516217170684,98.56810362274844,95.75923859832874,0.1446886509656906,1,0,,
395,2,98,67.79139981701738,34.27991886409736,75.16856441169904,-1.0,0,1,0.17356007834110193,2.3012169933764732
396,2,99,96.30118399286259,98.51750657761586,95.80250005692297,0.13011384010314941,1,0,,
397,2,99,66.32387923147301,36.835699797160245,72.81536057155616,-1.0,0,1,0.17336156928865296,2.2211939257996103
398,2,100,96.36623854575194,98.56810362274844,95.87080762312439,0.2288564294576645,1,0,,
399,2,100,67.50594693504117,35.05070993914807,74.65059164992186,-1.0,0,1,0.17160884337001409,2.3042797240141395
400,3,1,56.03561914067901,56.34535717894311,55.96648888788661,1.0549328327178955,1,0,,
401,3,1,65.74151100355441,41.83673469387755,71.17794486215539,-1.0,0,1,1.1135123055076823,1.1168598532676697
402,3,2,58.37427752325292,61.11953117106194,57.76156595667911,1.156296968460083,1,0,,
403,3,2,52.420025712773196,66.3265306122449,49.25740276617469,-1.0,0,1,1.0869965946196385,1.112548880243071
404,3,3,59.83351923378287,63.36768717793271,59.04473034379334,1.0718399286270142,1,0,,
405,3,3,62.262724041442944,50.04081632653061,65.04223521767382,-1.0,0,1,1.0667089844509117,1.1158266093419946
406,3,4,61.278933638148615,65.05001515610792,60.437268145274956,0.860084056854248,1,0,,
407,3,4,66.18770324434698,43.04081632653061,71.45177759212847,-1.0,0,1,1.0474353869146895,1.1306426821699465
408,3,5,63.12902720292033,67.31332727089017,62.19513570196308,1.0889569520950317,1,0,,
409,3,5,52.132647659381384,67.14285714285714,48.719019771651354,-1.0,0,1,1.0256384664549019,1.116873065630595
410,3,6,64.37164111687761,68.75820955845205,63.392605455139986,1.050728678703308,1,0,,
411,3,6,60.92792860924148,52.63265306122449,62.814443516197905,-1.0,0,1,1.0048662133796036,1.1274227828219316
412,3,7,65.85392833768125,70.6426189754471,64.7851432566216,0.8693209290504456,1,0,,
413,3,7,68.30522574302351,38.38775510204081,75.10906896871809,-1.0,0,1,0.9809780733765296,1.1714386119358782
414,3,8,67.4873941058803,71.65302616954632,66.5576691059569,1.234147071838379,1,0,,
415,3,8,50.42350449973531,69.85714285714286,46.00389863547758,-1.0,0,1,0.9587445559226117,1.1438664344773777
416,3,9,68.63690415833187,72.97665959381631,67.66831666422362,0.9551101326942444,1,0,,
417,3,9,58.53815321787794,56.326530612244895,59.04112132182308,-1.0,0,1,0.9357702010926211,1.1377763788481265
418,3,10,69.9753873950277,74.52763463675862,68.95937397814787,0.906531572341919,1,0,,
419,3,10,63.922710428798304,46.204081632653065,67.95228812772672,-1.0,0,1,0.9111900846210291,1.1760715467918321
420,3,11,71.11107014131507,75.4622612913004,70.13993031673188,1.1475619077682495,1,0,,
421,3,11,47.19050139907736,74.42857142857143,40.996008539868185,-1.0,0,1,0.8892970516715409,1.189273552618165
422,3,12,72.33801310828625,77.04354855006568,71.28778738710295,0.8539474606513977,1,0,,
423,3,12,60.26998411858126,53.714285714285715,61.760883690708255,-1.0,0,1,0.8662868662262863,1.1830186046264022
424,3,13,73.2930190540279,78.21562089522078,72.19434640928208,0.8773818016052246,1,0,,
425,3,13,62.42153822884368,49.285714285714285,65.40889260187505,-1.0,0,1,0.8442524605483379,1.2026411798841135
426,3,14,74.28674145702934,79.22602808932,73.18434494345281,0.8789652585983276,1,0,,
427,3,14,51.47470316872117,67.61224489795919,47.80469692750395,-1.0,0,1,0.8226747178947026,1.2190119739315937
428,3,15,75.17629815359372,80.21622713953724,74.05143933158186,0.7807093858718872,1,0,,
429,3,15,58.621341601754516,54.734693877551024,59.50524459296389,-1.0,0,1,0.7997255487683809,1.2096758732473216
430,3,16,76.15527143002001,81.24684247751844,75.0188866462954,0.7373893857002258,1,0,,
431,3,16,56.991605535808816,57.775510204081634,56.81332962034716,-1.0,0,1,0.7793611293693758,1.2190391732298809
432,3,17,76.92038237110646,81.87329493785995,75.81494469313428,0.8088840842247009,1,0,,
433,3,17,54.424109506163504,63.3469387755102,52.39487607908661,-1.0,0,1,0.7614784221041877,1.2506562716143144
434,3,18,77.78412809616431,82.89380620390017,76.6437020081861,0.616554319858551,1,0,,
435,3,18,68.33925735460939,36.06122448979592,75.6799405922213,-1.0,0,1,0.7403903572626833,1.3289481271868167
436,3,19,78.4782588656078,83.57583105991715,77.34053468941333,1.0858752727508545,1,0,,
437,3,19,42.84201769643803,78.55102040816327,34.72106191404437,-1.0,0,1,0.7221532980296409,1.3731784025828044
438,3,20,79.14104774107908,84.6670708295443,77.90769785876171,0.7826088070869446,1,0,,
439,3,20,59.32466157452923,53.183673469387756,60.721247563352826,-1.0,0,1,0.7049207018582888,1.3035682160497288
440,3,21,79.83702215134447,85.39456400929575,78.59663761317893,0.7766106128692627,1,0,,
441,3,21,62.91310595175074,48.46938775510204,66.19790216281444,-1.0,0,1,0.6831129617497044,1.3496970329883593
442,3,22,80.63716226804694,85.92502778619784,79.4569666354708,0.8022188544273376,1,0,,
443,3,22,53.955229524313694,64.0204081632653,51.66620254339553,-1.0,0,1,0.6682532702063052,1.3490515034555812
444,3,23,80.969939436399,86.60200060624432,79.71292297630994,0.6908021569252014,1,0,,
445,3,23,65.79823035619754,40.142857142857146,71.63278566787339,-1.0,0,1,0.6519542208890308,1.397420466810033
446,3,24,81.78667232049852,87.49621097302213,80.5123637060674,0.5151943564414978,1,0,,
447,3,24,64.23655751342358,44.08163265306123,68.82019864476005,-1.0,0,1,0.6333152640892087,1.4200447195969919
448,3,25,82.12221495008342,87.77407295139942,80.86078004668103,0.5362758636474609,1,0,,
449,3,25,66.10073357029418,40.16326530612245,71.99944305207462,-1.0,0,1,0.6202915967002792,1.4096565874302445
450,3,26,82.97213336897705,88.28432858441953,81.78650760539877,0.6330679059028625,1,0,,
451,3,26,66.06670195870831,40.08163265306123,71.97623688851759,-1.0,0,1,0.6021198284162103,1.4647126278439582
452,3,27,83.31320692102764,88.80974032535111,82.08643882417942,0.6016806960105896,1,0,,
453,3,27,67.56409286848672,38.06122448979592,74.27364708066463,-1.0,0,1,0.5898291620443452,1.5104558914179964
454,3,28,83.79992809800794,89.19369505910882,82.59609638391196,0.5013481974601746,1,0,,
455,3,28,63.57483173258716,45.30612244897959,67.72950895757913,-1.0,0,1,0.5753064737567362,1.4318731775606313
456,3,29,84.41293867128806,89.94644841871275,83.17791784590752,0.7444608807563782,1,0,,
457,3,29,58.03902291461847,56.46938775510204,58.39598997493734,-1.0,0,1,0.5601778263753315,1.444690153506643
458,3,30,84.76046496621528,89.94644841871275,83.60300833267559,0.5696677565574646,1,0,,
459,3,30,59.657415110035544,52.61224489795919,61.25963055787617,-1.0,0,1,0.5490650335713377,1.448507409164871
460,3,31,85.07849300799218,90.48196423158532,83.87249540518904,0.772607147693634,1,0,,
461,3,31,69.58708311275808,32.38775510204081,78.04696927503944,-1.0,0,1,0.5369170977611024,1.6380502809073039
462,3,32,85.60761792387608,90.70425381428716,84.47010272080463,0.7017862796783447,1,0,,
463,3,32,62.76563563487862,47.183673469387756,66.30929174788824,-1.0,0,1,0.5258050272065513,1.5297222972492088
464,3,33,85.88508586757128,90.87602303728403,84.77116150055814,1.2154059410095215,1,0,,
465,3,33,58.228087423428875,54.46938775510204,59.08289241622575,-1.0,0,1,0.5152790036825639,1.4786008924677752
466,3,34,86.04732625989804,91.1690411235728,84.90421369535558,0.4655819833278656,1,0,,
467,3,34,69.01610829615065,34.16326530612245,76.94235588972431,-1.0,0,1,0.5077305433674241,1.745678412741509
468,3,35,86.52390741235793,91.22461351924825,85.47475954762254,0.40598350763320923,1,0,,
469,3,35,65.05331619148454,42.3469387755102,70.2172096908939,-1.0,0,1,0.4923551534917557,1.6368414359392176
470,3,36,86.97375577290032,91.72476508032737,85.91338076606492,0.7263060212135315,1,0,,
471,3,36,62.311880813733644,47.3469387755102,65.715213960828,-1.0,0,1,0.47910857330656276,1.5272838104750224
472,3,37,87.08068694057023,91.96221077094069,85.99118247319224,1.0036771297454834,1,0,,
473,3,37,52.707403766165015,63.857142857142854,50.1717256103221,-1.0,0,1,0.4734326239218408,1.5970017011614814
474,3,38,87.62640462385119,92.5987673032232,86.51662588654482,0.35360026359558105,1,0,,
475,3,38,68.91023217121682,34.265306122448976,76.78919521024784,-1.0,0,1,0.46054535988226253,1.8241729235303574
476,3,39,87.89373254302596,92.76548449024958,86.80640905656973,0.3764427900314331,1,0,,
477,3,39,64.58065491945852,43.3469387755102,69.40963519910888,-1.0,0,1,0.4524665934051264,1.6547947413679482
478,3,40,88.03108378425715,92.60381933919369,87.01049759265732,0.2899852991104126,1,0,,
479,3,40,66.79649096271648,39.673469387755105,72.96481945604752,-1.0,0,1,0.44584475475240426,1.74470835780176
480,3,41,88.23664973589845,92.67959987875113,87.24503027501213,0.37508949637413025,1,0,,
481,3,41,61.27202601527641,50.6530612244898,63.686995265942635,-1.0,0,1,0.43778748989526955,1.6597891827136422
482,3,42,88.55652141849725,93.02819036071537,87.55849222546709,0.478816419839859,1,0,,
483,3,42,62.59169628677305,46.69387755102041,66.20718462823726,-1.0,0,1,0.4295325864739013,1.6589593000458058
484,3,43,88.93631142780764,93.57381024552895,87.90127076121641,0.390097051858902,1,0,,
485,3,43,63.41979883536263,45.53061224489796,67.48816485658591,-1.0,0,1,0.4186167078233271,1.7161045287542298
486,3,44,89.25710493081738,93.61422653329292,88.28464149198868,0.3468591570854187,1,0,,
487,3,44,62.36103758602435,48.244897959183675,65.57133574677434,-1.0,0,1,0.40962620329041527,1.7621433251145957
488,3,45,89.27277587780348,93.65464282105688,88.29478954074442,0.38261353969573975,1,0,,
489,3,45,66.4334871058005,39.183673469387756,72.63065070082614,-1.0,0,1,0.40422403431093357,1.8053261827731477
490,3,46,89.48663821314331,93.85672425987673,88.51128124753346,0.5238031148910522,1,0,,
491,3,46,66.05535808817969,39.12244897959184,72.18045112781955,-1.0,0,1,0.39781935374199784,1.895556862515528
492,3,47,89.59910030327892,93.85167222390623,88.6499712471952,0.274292528629303,1,0,,
493,3,47,65.79066777584512,41.183673469387756,71.38680033416875,-1.0,0,1,0.39350167688263477,1.8155519556308137
494,3,48,89.81572809985158,94.00828533899161,88.87999368565855,0.3028542697429657,1,0,,
495,3,48,67.61703093095365,37.57142857142857,74.45001392369814,-1.0,0,1,0.38678558717288497,1.9065264947172524
496,3,49,90.04710502299942,93.92240072749318,89.18218002638493,0.37094682455062866,1,0,,
497,3,49,61.74090599712622,48.51020408163265,64.7498375568551,-1.0,0,1,0.3797282688143962,1.7735443431974034
498,3,50,90.26373281957208,94.39224007274932,89.34229368453099,0.5091267228126526,1,0,,
499,3,50,63.60130076382062,43.97959183673469,68.06367771280053,-1.0,0,1,0.36975192148589864,1.842563485753709
500,3,51,90.37158580765295,94.25078306557543,89.50579002559563,0.36543262004852295,1,0,,
501,3,51,65.15919231641836,42.224489795918366,70.37501160308177,-1.0,0,1,0.3671071303938076,1.9238987340443376
502,3,52,90.76243766189471,94.75093462665454,89.87224734177501,0.44600412249565125,1,0,,
503,3,52,64.40671557135295,41.97959183673469,69.50710108604845,-1.0,0,1,0.3580133099952396,1.857376331868379
504,3,53,90.8029977599764,94.62463372739214,89.95004904890232,0.30854666233062744,1,0,,
505,3,53,64.64115556227785,42.734693877551024,69.62313190383365,-1.0,0,1,0.3566154175314982,1.8956556187735663
506,3,54,91.20675509997142,94.92270384965141,90.37739465761611,0.5027971863746643,1,0,,
507,3,54,56.6588520003025,58.42857142857143,56.25638169497819,-1.0,0,1,0.3460754603323228,1.7957311811078573
508,3,55,91.02331283819287,94.71051833889057,90.20036758487716,0.2700440585613251,1,0,,
509,3,55,65.02684716025108,42.42857142857143,70.1661561310684,-1.0,0,1,0.34772545770513563,1.943764455076577
510,3,56,91.10627667517814,94.68020612306759,90.30861343827168,0.3656593859195709,1,0,,
511,3,56,61.75981244800726,48.3469387755102,64.8101735821034,-1.0,0,1,0.34162919889292065,1.9029379472640402
512,3,57,91.48698850489947,95.05405678488431,90.69085660807109,0.30782395601272583,1,0,,
513,3,57,69.88958632685473,31.224489795918366,78.68281815650236,-1.0,0,1,0.3323476991422896,2.14824953056188
514,3,58,91.71652178722542,95.17025361220571,90.94568538793736,0.4170949161052704,1,0,,
515,3,58,66.53180065038191,38.12244897959184,72.99266685231598,-1.0,0,1,0.32519445953152654,1.9497006285017815
516,3,59,91.82437477530627,95.31171061937961,91.04603831452185,0.36346593499183655,1,0,,
517,3,59,64.5730923391061,43.53061224489796,69.3585816392834,-1.0,0,1,0.32066457356625006,1.967320153966618
518,3,60,91.71375632599258,94.99848438920885,90.980639778096,0.4514353275299072,1,0,,
519,3,60,66.88346063676927,38.87755102040816,73.25257588415484,-1.0,0,1,0.3229510754803723,2.0278730277277996
520,3,61,91.75523824448521,94.91765181368092,91.04942099744044,0.3142353296279907,1,0,,
521,3,61,68.80057475610678,34.61224489795919,76.57569850552306,-1.0,0,1,0.3219929183042555,2.16519420331227
522,3,62,92.0944681557139,95.34202283520258,91.36964831373257,0.2982676923274994,1,0,,
523,3,62,63.94539816985556,44.51020408163265,68.36535783904205,-1.0,0,1,0.30934550497188884,1.9630679041867094
524,3,63,92.16176104571308,95.458219662524,91.42602636237555,0.37156543135643005,1,0,,
525,3,63,67.88928382364062,37.46938775510204,74.80738884247656,-1.0,0,1,0.3074454798907885,2.193438438977596
526,3,64,92.35534333201205,95.54410427402243,91.64364563013746,0.6134916543960571,1,0,,
527,3,64,62.41019435831506,47.46938775510204,65.80803861505616,-1.0,0,1,0.3049127425436141,1.9772387587505837
528,3,65,92.52403646721545,95.5895725977569,91.83984123941502,0.17303279042243958,1,0,,
529,3,65,70.63828178174393,29.632653061224488,79.96379838485102,-1.0,0,1,0.297469429478471,2.3465199798777485
530,3,66,92.51205280187314,95.64514499343235,91.81277977606639,0.22164808213710785,1,0,,
531,3,66,68.73251153293504,34.04081632653061,76.62211083263715,-1.0,0,1,0.2933637181050935,2.2075115384686974
532,3,67,92.6779804758437,95.62493684955037,92.02025099507256,0.3351171016693115,1,0,,
533,3,67,68.36194509566664,35.40816326530612,75.8563074352548,-1.0,0,1,0.2913160506583188,2.210355483967325
534,3,68,92.73974244337718,95.80175810851773,92.05633294620407,0.16782456636428833,1,0,,
535,3,68,67.42040384179082,36.285714285714285,74.50106748352363,-1.0,0,1,0.2868760328493872,2.190092528499843
536,3,69,92.75449156995234,95.59462463372739,92.12060392165706,0.1963026374578476,1,0,,
537,3,69,71.90879528094986,27.79591836734694,81.9409635199109,-1.0,0,1,0.28562410168771474,2.5133185772504207
538,3,70,92.883546427485,95.90279882792765,92.20968123851297,0.35831382870674133,1,0,,
539,3,70,65.62050971791575,40.53061224489796,71.32646430892045,-1.0,0,1,0.28086860857482226,2.113741484241209
540,3,71,92.98033757063449,96.15540062645246,92.27169709202025,0.3225988447666168,1,0,,
541,3,71,58.0049913030326,55.12244897959184,58.66054023948761,-1.0,0,1,0.27915428554252636,1.9330999430826896
542,3,72,93.0697541504964,95.90279882792765,92.43744855503061,0.4251241981983185,1,0,,
543,3,72,60.413673145277166,49.83673469387755,62.81908474890931,-1.0,0,1,0.2767634388182382,1.9902563043262647
544,3,73,93.20618357131664,95.87753864807517,92.60996538387813,0.31834134459495544,1,0,,
545,3,73,66.30870452998563,39.46938775510204,72.41251276338996,-1.0,0,1,0.2715301111182374,2.2432720453842827
546,3,74,93.15087434665979,95.81691421642923,92.55584245718087,0.2261190414428711,1,0,,
547,3,74,61.09052408681842,49.08163265306123,63.82159101457347,-1.0,0,1,0.2723118091212972,2.0462376092367127
548,3,75,93.3859385514514,96.16550469839345,92.76556879813276,0.17330899834632874,1,0,,
549,3,75,67.85147092187854,35.89795918367347,75.1183514341409,-1.0,0,1,0.26278185442019747,2.319922300928457
550,3,76,93.45323144145058,96.18066080630494,92.84449806623293,0.19972901046276093,1,0,,
551,3,76,60.765333131664526,51.16326530612245,62.94903926482874,-1.0,0,1,0.26219157267467313,2.066173331173146
552,3,77,93.54633530295628,96.18571284227544,92.9572541635189,0.35969313979148865,1,0,,
553,3,77,65.69991681161612,42.48979591836735,70.97837185556484,-1.0,0,1,0.2586631250374441,2.2612589568907513
554,3,78,93.73715212802242,96.32716984944933,93.15908757766076,0.11324666440486908,1,0,,
555,3,78,63.23829690690464,46.816326530612244,66.9729880256196,-1.0,0,1,0.25660520424750055,2.1537667512893677
556,3,79,93.68737382583126,96.07456805092453,93.15457733376932,0.33437687158584595,1,0,,
557,3,79,66.53558194055812,37.91836734693877,73.04372041214147,-1.0,0,1,0.25550014038025487,2.358941582377982
558,3,80,93.779555866926,96.26149338183288,93.22561367505948,1.7380326986312866,1,0,,
559,3,80,62.557664675187176,45.87755102040816,66.35106284229092,-1.0,0,1,0.2545033604662233,2.113125738890275
560,3,81,93.78508678939168,96.27664948974437,93.22899635797806,0.23257078230381012,1,0,,
561,3,81,68.56613476518189,34.08163265306123,76.40861412791237,-1.0,0,1,0.251576839752917,2.437264949803191
562,3,82,93.90768890404772,96.18571284227544,93.39925806487986,0.2700251638889313,1,0,,
563,3,82,69.53036376011495,31.224489795918366,78.24190104891859,-1.0,0,1,0.24666264945781738,2.4796364595348708
564,3,83,93.90768890404772,96.32211781347883,93.36881391861264,0.2648715078830719,1,0,,
565,3,83,70.33199727747107,30.693877551020407,79.34651443423373,-1.0,0,1,0.24589257074063117,2.5958099319163153
566,3,84,94.0625547330869,96.39789835303627,93.54133074746017,0.17226740717887878,1,0,,
567,3,84,69.57952053240565,32.63265306122449,77.98199201707973,-1.0,0,1,0.2416083322012059,2.4919643540313277
568,3,85,94.07085111678543,96.40295038900678,93.55035123524304,0.18547865748405457,1,0,,
569,3,85,62.637071768887544,46.59183673469388,66.2860855843312,-1.0,0,1,0.24245909671738464,2.2355796766741842
570,3,86,94.30868078280989,96.71112458320704,93.77248074689639,0.1187925934791565,1,0,,
571,3,86,66.88724192694548,38.40816326530612,73.36396546922863,-1.0,0,1,0.23286766158241146,2.4059921940743636
572,3,87,94.20543689678377,96.32211781347883,93.7330161128463,0.280815064907074,1,0,,
573,3,87,64.53906072752022,42.38775510204081,69.57671957671958,-1.0,0,1,0.23561312482288144,2.2541815601109305
574,3,88,94.07361657801827,96.38274224512479,93.55824416205306,0.3355276882648468,1,0,,
575,3,88,63.11351433108977,46.04081632653061,66.99619418917665,-1.0,0,1,0.23841376312709642,2.3195365719173267
576,3,89,94.23493514993409,96.59997979185611,93.70708221047053,0.39703667163848877,1,0,,
577,3,89,65.26128715117598,41.48979591836735,70.6674092639005,-1.0,0,1,0.2328540013382598,2.406722122344418
578,3,90,95.77345341580553,97.9185611801556,95.29468806025686,0.6485721468925476,1,0,,
579,3,90,65.77932390531649,40.0,71.6420681332962,-1.0,0,1,0.1840570616614917,2.3341779662791082
580,3,91,96.14402522100644,98.15095483479843,95.69609976659488,0.1680348962545395,1,0,,
581,3,91,67.74559479694472,35.83673469387755,75.0023206163557,-1.0,0,1,0.17353750589602399,2.491025517528184
582,3,92,96.24911274785447,98.24189148226735,95.8043456199894,1.4428832530975342,1,0,,
583,3,92,65.85873099901687,40.02040816326531,71.73489278752437,-1.0,0,1,0.16811268124729395,2.3399414549703184
584,3,93,96.3293111236069,98.23683944629686,95.90357098560105,0.1064731702208519,1,0,,
585,3,93,66.78136580201165,38.204081632653065,73.28042328042328,-1.0,0,1,0.16638334691173062,2.434286525859925
586,3,94,96.41319678100312,98.48438920885117,95.95092854646116,0.3850571811199188,1,0,,
587,3,94,67.03093095364139,37.10204081632653,73.83737120579225,-1.0,0,1,0.16352030728451628,2.4501493933120213
588,3,95,96.42794590757829,98.4389208851167,95.97911757078263,0.348009318113327,1,0,,
589,3,95,66.08560840958936,39.204081632653065,72.19901605866518,-1.0,0,1,0.16229156457010727,2.3758876738340957
590,3,96,96.49339515675555,98.48944124482166,96.04789879012708,0.12207658588886261,1,0,,
591,3,96,68.30900703319973,34.775510204081634,75.93520839134874,-1.0,0,1,0.16013517326077903,2.5507562431160378
592,3,97,96.55515712428904,98.4439729210872,96.1335934240644,0.22546197474002838,1,0,,
593,3,97,67.75693866747334,36.04081632653061,74.96983198737584,-1.0,0,1,0.15842026739187962,2.5178146794222402
594,3,98,96.52197158949494,98.47428513691017,96.08623586320431,0.4286637604236603,1,0,,
595,3,98,66.0629206685321,39.48979591836735,72.10619140443701,-1.0,0,1,0.1595331103242231,2.3887658142237274
596,3,99,96.54593892017957,98.39850459735273,96.13246586309155,0.08963999897241592,1,0,,
597,3,99,68.0632231717462,35.795918367346935,75.4014666295368,-1.0,0,1,0.158700372544908,2.526927806329036
598,3,100,96.59663904278169,98.47428513691017,96.17756830200594,0.12279091775417328,1,0,,
599,3,100,67.16705739998487,37.04081632653061,74.01837928153718,-1.0,0,1,0.1548968983796548,2.4638808182472194
600,4,1,55.75859649122807,57.64040938948012,55.33495345958091,1.1190831661224365,1,0,,
601,4,1,45.11264793954085,73.45202769535113,38.88333260860112,-1.0,0,1,1.1135242894024193,1.1157617037946528
602,4,2,58.103391812865496,63.10911960894139,56.976477600990414,1.0995266437530518,1,0,,
603,4,2,50.45986025951804,67.10187932739862,46.80175675088055,-1.0,0,1,1.084418899784545,1.1144430011510849
604,4,3,59.50877192982456,65.00330974082183,58.271814388555185,1.0370038747787476,1,0,,
605,4,3,54.23499215742193,61.22650840751731,52.69817802322042,-1.0,0,1,1.0644505374445887,1.1085865925658833
606,4,4,61.1387134502924,66.8465807831356,59.85373011142189,1.057106852531433,1,0,,
607,4,4,52.27434764009696,64.35212660731949,49.61951558898987,-1.0,0,1,1.0428224927650953,1.110721637985923
608,4,5,62.84725146198831,68.59310555527267,61.55371635563299,0.9754378199577332,1,0,,
609,4,5,50.40282332810495,67.04253214638972,46.74522763838762,-1.0,0,1,1.0194104789973732,1.1271902886303988
610,4,6,64.41076023391813,70.31926269158308,63.080608922921726,0.9708029627799988,1,0,,
611,4,6,54.75901896477969,59.960435212660734,53.61568900291342,-1.0,0,1,0.9981334271545181,1.1271479240872644
612,4,7,66.07251461988304,72.07597128163349,64.72098674859004,0.8859487175941467,1,0,,
613,4,7,60.14187936689006,51.21661721068249,62.10375266339088,-1.0,0,1,0.9750128404109064,1.1433251903815702
614,4,8,67.4545029239766,73.14018025357707,66.17451510844147,0.994624674320221,1,0,,
615,4,8,58.291743904177956,53.47181008902077,59.35121972431187,-1.0,0,1,0.9500489943755601,1.1500343138521367
616,4,9,68.8561403508772,74.75431539284078,67.52831399880783,0.9882915019989014,1,0,,
617,4,9,52.72351347497504,62.967359050445104,50.471800669652566,-1.0,0,1,0.9285653878828722,1.1473999662832781
618,4,10,70.18105263157895,75.93054636183105,68.88669815213902,1.049027919769287,1,0,,
619,4,10,48.474262084699845,69.27794263105835,43.90137844066617,-1.0,0,1,0.9023061653811061,1.1763271846554495
620,4,11,71.14479532163743,76.80126279342126,69.8713833738365,0.729315996170044,1,0,,
621,4,11,60.43775844859547,49.574678536102866,62.825585945992955,-1.0,0,1,0.8796071404468514,1.194074046882716
622,4,12,72.48187134502923,78.2371811192016,71.18620752900179,0.8834977746009827,1,0,,
623,4,12,59.3825752174533,50.84075173095945,61.26016436926555,-1.0,0,1,0.8559506787511403,1.2059596411206506
624,4,13,73.4119298245614,79.07734609705179,72.13650327846302,0.9258913993835449,1,0,,
625,4,13,49.4688435762156,67.57665677546983,45.48854198373701,-1.0,0,1,0.8352962338995791,1.204911695285277
626,4,14,74.56654970760233,80.4063343347421,73.25186849465817,0.841647744178772,1,0,,
627,4,14,57.19021816626265,55.37091988130564,57.590120450493544,-1.0,0,1,0.8118833212081543,1.2248862637714906
628,4,15,75.51345029239766,81.19558022302562,74.23426108487321,0.8487552404403687,1,0,,
629,4,15,59.94225010694424,49.49554896142433,62.23855285472018,-1.0,0,1,0.7924704922173551,1.2587309764190153
630,4,16,76.48374269005848,81.91863129487244,75.26021367325416,0.7635484933853149,1,0,,
631,4,16,56.291886496506486,55.489614243323444,56.46823498717224,-1.0,0,1,0.7681297432876633,1.2383106220852245
632,4,17,77.31555555555556,83.07449462803605,76.0190746939337,0.5729586482048035,1,0,,
633,4,17,60.00285184657066,49.5351137487636,62.30377875375049,-1.0,0,1,0.7475327582773335,1.3027829338203778
634,4,18,78.15672514619882,83.81791333570956,76.88225044706314,0.6927131414413452,1,0,,
635,4,18,56.92998716669043,54.26310583580613,57.51619776492586,-1.0,0,1,0.7285334156658835,1.3145406013185328
636,4,19,78.99134502923977,85.09089057487652,77.61818515291851,0.5983473062515259,1,0,,
637,4,19,67.23584771139312,35.1730959446093,74.28360220898378,-1.0,0,1,0.708778907438952,1.4136606062000447
638,4,20,79.71181286549708,85.76302255715667,78.34953459580908,0.8215740919113159,1,0,,
639,4,20,59.64993583345216,50.702274975272005,61.616732617297906,-1.0,0,1,0.6882228514391505,1.3301553509452126
640,4,21,80.31157894736842,86.16528336473344,78.99376404236783,0.6207597851753235,1,0,,
641,4,21,60.29516612006274,49.35707220573689,62.69948254120103,-1.0,0,1,0.6696925198246619,1.3722708948633888
642,4,22,80.94970760233919,86.79668007536026,79.63340822596176,0.678160548210144,1,0,,
643,4,22,57.019107372023385,54.40158259149357,57.59446884376223,-1.0,0,1,0.654589240172666,1.3449306336316196
644,4,23,81.68327485380117,87.48408778451041,80.3773671420056,0.702910304069519,1,0,,
645,4,23,53.19763296734636,61.9782393669634,51.267556637822324,-1.0,0,1,0.6338226702755797,1.345536761934107
646,4,24,82.23251461988303,88.14094403992057,80.90237975147875,0.6506850123405457,1,0,,
647,4,24,65.20034222158849,39.624134520276954,70.82228116710876,-1.0,0,1,0.6194431909544026,1.4130182469433004
648,4,25,82.78456140350877,88.85381129385406,81.41822183502224,0.5695130825042725,1,0,,
649,4,25,56.20989590760017,55.82591493570722,56.29429925642475,-1.0,0,1,0.6037646220115844,1.394657590714368
650,4,26,83.38058479532164,89.21024492082081,82.06818286028704,0.5998501181602478,1,0,,
651,4,26,58.181234849565094,52.46290801186944,59.43818758968561,-1.0,0,1,0.5854511233503947,1.4103896504098719
652,4,27,84.06549707602339,89.89765262997098,82.75253335778807,0.6484913229942322,1,0,,
653,4,27,57.32568087836874,54.14441147378833,58.02495977736226,-1.0,0,1,0.5699027872371103,1.4389756476337259
654,4,28,84.3293567251462,89.89765262997098,83.07579439680866,0.929289698600769,1,0,,
655,4,28,56.62341366034507,54.203758654797234,57.15528112362482,-1.0,0,1,0.5587600210112726,1.4365637380968441
656,4,29,84.86830409356725,90.61561179286115,83.57444174423404,0.5734068751335144,1,0,,
657,4,29,60.491230571795235,48.961424332344215,63.02561203635257,-1.0,0,1,0.5449085216322345,1.4792532568628138
658,4,30,85.30994152046783,90.97713732878456,84.03411435645835,0.7133493423461914,1,0,,
659,4,30,66.3054327677171,35.746785361028685,73.02256816106448,-1.0,0,1,0.5327097179646978,1.625405687364665
660,4,31,85.66923976608187,91.25210041244462,84.41239855105691,0.6296626925468445,1,0,,
661,4,31,58.879937259375446,51.41444114737883,60.52093751358873,-1.0,0,1,0.5181914413760522,1.5327245116233825
662,4,32,86.21192982456141,91.68491267376139,84.97982484295474,0.4079291820526123,1,0,,
663,4,32,61.68544132325681,47.10187932739861,64.89107274861938,-1.0,0,1,0.5054610255235683,1.5810358708555048
664,4,33,86.74900584795321,92.15336829777483,85.53234903021688,0.628643274307251,1,0,,
665,4,33,51.212034792528165,64.0751730959446,48.3845719006827,-1.0,0,1,0.48958017958138517,1.535939275676554
666,4,34,86.9408187134503,92.2552064769082,85.74441744234032,0.5863123536109924,1,0,,
667,4,34,57.140310851276205,54.55984174085064,57.7075270687481,-1.0,0,1,0.4830003500698569,1.5408832666548815
668,4,35,87.14666666666666,92.32649320230155,85.98055848502912,0.540590226650238,1,0,,
669,4,35,66.84728361614145,35.46983184965381,73.74440144366656,-1.0,0,1,0.47411677009331255,1.7626217021183535
670,4,36,87.59204678362573,92.57599674117827,86.47003530652484,0.5153430700302124,1,0,,
671,4,36,60.88335947526023,48.269040553907026,63.65612906031222,-1.0,0,1,0.461931692750868,1.5576985321261667
672,4,37,87.89614035087719,93.14629054432507,86.71420055940209,0.38732635974884033,1,0,,
673,4,37,68.25538286040211,33.353115727002965,75.92729486454755,-1.0,0,1,0.4513818092688829,1.7815806621854955
674,4,38,88.0140350877193,93.03936045623504,86.88270897335963,0.6423913240432739,1,0,,
675,4,38,65.95608156281192,37.34915924826904,72.24420576596947,-1.0,0,1,0.4439936709439683,1.8050367650660601
676,4,39,88.5174269005848,93.28886399511177,87.44325737081022,0.37421420216560364,1,0,,
677,4,39,60.52687865392842,48.545994065281896,63.160412227681874,-1.0,0,1,0.43359671313605624,1.688481686061079
678,4,40,88.79719298245614,93.4263455369418,87.75505525241873,0.5193502306938171,1,0,,
679,4,40,51.62198773705975,62.47279920870425,49.23685698134539,-1.0,0,1,0.42368173258390257,1.6509724129330028
680,4,41,88.94783625730994,93.5536432608585,87.91095419322298,0.4996735751628876,1,0,,
681,4,41,62.5873378012263,43.837784371909,66.70870113493065,-1.0,0,1,0.41694169704785605,1.760440943999724
682,4,42,89.10502923976608,93.63511380416519,88.08519418588656,0.411211758852005,1,0,,
683,4,42,62.95451304719806,43.38278931750742,67.25659868678524,-1.0,0,1,0.4111509018315527,1.761399353092367
684,4,43,89.50830409356725,93.84897398034524,88.53111100921637,0.3929617404937744,1,0,,
685,4,43,65.5176101525738,38.417408506429275,71.47454015741184,-1.0,0,1,0.40053771798482196,1.8525031799619849
686,4,44,89.76842105263158,94.46000305514538,88.7122288963272,0.38141679763793945,1,0,,
687,4,44,57.888920576073005,52.917903066271016,58.98160629647345,-1.0,0,1,0.38787548286829165,1.7308585372838108
688,4,45,89.95836257309942,94.24105097000866,88.99422256866431,0.4931507110595703,1,0,,
689,4,45,58.93697419078853,49.653808110781405,60.97751880680089,-1.0,0,1,0.38335032950261394,1.7484329044818878
690,4,46,90.19602339181287,94.44981923723203,89.23838782154156,0.29001691937446594,1,0,,
691,4,46,64.23784400399259,40.59347181008902,69.43514371439753,-1.0,0,1,0.3784508610200025,1.8628898685628719
692,4,47,90.37941520467837,94.41417587453536,89.47108991700674,0.32491645216941833,1,0,,
693,4,47,63.1790959646371,43.95647873392681,67.4044440579206,-1.0,0,1,0.37101545876371644,1.872410401430997
694,4,48,90.5459649122807,94.62803605071541,89.626988857811,0.31656938791275024,1,0,,
695,4,48,63.3359475260231,43.58061325420376,67.6783928338479,-1.0,0,1,0.3630015573994128,1.8118326994505796
696,4,49,90.653567251462,94.79606904628545,89.72098674859004,0.8875869512557983,1,0,,
697,4,49,53.32596606302581,59.98021760633036,51.863286515632474,-1.0,0,1,0.35870681483588535,1.7924518536437641
698,4,50,90.9642105263158,94.87753958959213,90.08322252281168,0.2819584608078003,1,0,,
699,4,50,62.188079281334666,45.202769535113745,65.92164195329826,-1.0,0,1,0.35017926505582775,1.8972698257728056
700,4,51,91.05964912280702,95.11685931055553,90.1462698885781,0.44049566984176636,1,0,,
701,4,51,59.190075573934124,50.4055390702275,61.12101578466756,-1.0,0,1,0.3460824673761151,1.8474682352759622
702,4,52,91.26269005847954,95.21360558073222,90.37324040533724,0.3185853958129883,1,0,,
703,4,52,61.96349636389562,45.361028684470824,65.61290603122147,-1.0,0,1,0.339687148718063,1.8997163257815621
704,4,53,91.47228070175439,95.3918223942156,90.58989408042551,0.3193660378456116,1,0,,
705,4,53,62.53386567802652,43.16518298714144,66.7913206070357,-1.0,0,1,0.3329779518400124,1.9311653045090762
706,4,54,91.77076023391812,95.3918223942156,90.95556880187078,0.25177010893821716,1,0,,
707,4,54,62.01340367888208,44.8269040553907,65.79119015523764,-1.0,0,1,0.32570462132285455,1.8689830162308432
708,4,55,91.66222222222223,95.38163857630225,90.8248888073731,0.4292272925376892,1,0,,
709,4,55,59.186510765720804,49.19881305637982,61.3819193807888,-1.0,0,1,0.32507201552747966,1.8866908062588086
710,4,56,91.8540350877193,95.52930393604562,91.02664037782567,0.3207716643810272,1,0,,
711,4,56,58.733780122629405,50.88031651829871,60.46006000782711,-1.0,0,1,0.31940103572999645,1.8457428780469027
712,4,57,92.02619883040936,95.51402820917562,91.24100142143152,0.7230371236801147,1,0,,
713,4,57,57.90317980892628,51.3353115727003,59.34687133104318,-1.0,0,1,0.3115977782689169,1.8710067342628132
714,4,58,92.14409356725146,95.62605020622232,91.36021825851712,0.27164924144744873,1,0,,
715,4,58,63.98830742906031,41.68150346191889,68.89159455581162,-1.0,0,1,0.3078116123190897,2.031721616062251
716,4,59,92.20210526315789,95.60059066143897,91.43702141317804,0.2365480661392212,1,0,,
717,4,59,64.20576073007273,40.17804154302671,69.48732443362178,-1.0,0,1,0.3064382303528443,2.0492566737261684
718,4,60,92.4987134502924,95.77880747492235,91.76028245219864,0.3066447675228119,1,0,,
719,4,60,61.11863681733923,47.41839762611276,64.13010392659912,-1.0,0,1,0.299564591050148,1.977682927250862
720,4,61,92.40327485380116,95.54457966291562,91.696088770691,0.5778883099555969,1,0,,
721,4,61,61.767431912163126,45.59841740850643,65.32156368221942,-1.0,0,1,0.2992344074620458,1.993483047864654
722,4,62,92.69894736842106,95.89592138092571,91.97922875876931,0.33119916915893555,1,0,,
723,4,62,61.482247255097676,46.44906033630069,64.78671131017089,-1.0,0,1,0.29067574643089383,2.0016144411130385
724,4,63,92.93847953216374,96.08941392127909,92.22912559035261,0.32703056931495667,1,0,,
725,4,63,61.13646085840582,46.88427299703264,64.26925251119711,-1.0,0,1,0.28467268531550904,1.9805309799584476
726,4,64,92.90760233918128,96.08432201232242,92.19244348663396,0.23361393809318542,1,0,,
727,4,64,64.8902039070298,39.20870425321464,70.53528721137539,-1.0,0,1,0.2842399179132399,2.1202216091481123
728,4,65,93.0685380116959,96.02831101379907,92.40221926727497,0.30011188983917236,1,0,,
729,4,65,62.487523171253386,43.16518298714144,66.73479149454276,-1.0,0,1,0.27805061263595515,2.041239839250391
730,4,66,93.04888888888888,96.15560873771577,92.34948874317942,0.20033596456050873,1,0,,
731,4,66,62.30215314416085,44.56973293768546,66.19993912249424,-1.0,0,1,0.2769641621384078,2.0949463389136573
732,4,67,93.38292397660818,96.38983654972249,92.70599293869503,0.254476934671402,1,0,,
733,4,67,61.65692285755026,44.54995054401583,65.41722833413054,-1.0,0,1,0.2685127656973765,2.0650267698548057
734,4,68,93.39228070175439,96.36946891389582,92.72204135907194,0.5471323728561401,1,0,,
735,4,68,57.09040353628975,52.917903066271016,58.007566204287514,-1.0,0,1,0.2665154520979898,1.979417342489416
736,4,69,93.4540350877193,96.30836600641581,92.81145398688615,0.2346036285161972,1,0,,
737,4,69,64.50876942820476,40.43521266073195,69.80040874896726,-1.0,0,1,0.26328740533062084,2.20154028263959
738,4,70,93.4493567251462,96.23198737206579,92.82291714429823,0.1896311193704605,1,0,,
739,4,70,63.98117781263368,40.712166172106826,69.09596903943992,-1.0,0,1,0.2629844467440051,2.144476361166347
740,4,71,93.57473684210527,96.54259381842253,92.9065981934064,0.2824651002883911,1,0,,
741,4,71,60.39498075003565,47.73491592482691,63.17780580075662,-1.0,0,1,0.2561847761987212,2.1275065969337117
742,4,72,93.69263157894737,96.21671164519579,93.12439818423587,0.23909823596477509,1,0,,
743,4,72,67.57806929987167,34.69831849653808,74.80540940122624,-1.0,0,1,0.2579557259907266,2.357981618426063
744,4,73,93.70666666666666,96.54259381842253,93.06822871291669,0.18201057612895966,1,0,,
745,4,73,60.95822044773991,47.31948565776459,63.95616819585163,-1.0,0,1,0.25162758060736573,2.158413549444892
746,4,74,94.04538011695907,96.59351290798921,93.47173185382182,0.29229211807250977,1,0,,
747,4,74,59.25780692998717,49.73293768545994,61.35148062790799,-1.0,0,1,0.2464143345366695,2.1384200513362885
748,4,75,94.06877192982456,96.75136208564591,93.46485395937457,0.24881260097026825,1,0,,
749,4,75,61.40025666619136,47.22057368941642,64.51711092751228,-1.0,0,1,0.24415165222512034,2.1437023428353394
750,4,76,93.83298245614036,96.5629614542492,93.21839607501491,0.4053015410900116,1,0,,
751,4,76,68.55839155853415,32.58160237388724,76.46649562986477,-1.0,0,1,0.24764148634886313,2.503506729819558
752,4,77,94.18573099415205,96.93467080808595,93.56687606034205,0.1850370317697525,1,0,,
753,4,77,65.15043490660203,38.69436201780415,70.96577814497543,-1.0,0,1,0.23852091667181002,2.3141297676346517
754,4,78,94.13988304093567,96.65461581546921,93.57375395478931,0.764533519744873,1,0,,
755,4,78,64.34835305860544,39.68348170128586,69.76996999608645,-1.0,0,1,0.23713263929068684,2.2504844188690187
756,4,79,94.16514619883041,96.79209735729926,93.57375395478931,0.2955780625343323,1,0,,
757,4,79,60.58035077712819,46.567754698318495,63.6604774535809,-1.0,0,1,0.2383826101343789,2.216196598248048
758,4,80,94.24280701754385,96.65461581546921,93.69984868632216,0.1735086739063263,1,0,,
759,4,80,64.376871524312,39.66369930761622,69.80910553550463,-1.0,0,1,0.23491858382246453,2.2857625462792135
760,4,81,94.39251461988304,96.75645399460258,93.86033289009124,0.13743531703948975,1,0,,
761,4,81,66.73320975331526,35.45004945598417,73.60960125233726,-1.0,0,1,0.2281033470691321,2.48640787655657
762,4,82,94.34853801169591,96.66989154233923,93.82594341785502,0.2426665872335434,1,0,,
763,4,82,61.9991444460288,44.31256181998022,65.88685480714877,-1.0,0,1,0.23068488129598652,2.262138685313138
764,4,83,94.65824561403508,96.98558989765263,94.1343023522399,0.18725506961345673,1,0,,
765,4,83,64.86168544132326,37.982195845697326,70.7701004478845,-1.0,0,1,0.22240028501806144,2.4377076517451894
766,4,84,94.63953216374269,96.91430317225928,94.12742445779266,0.21406793594360352,1,0,,
767,4,84,64.89376871524313,38.91196834817013,70.60486150367439,-1.0,0,1,0.2228990248309638,2.3609536718238484
768,4,85,94.51883040935672,96.75136208564591,94.0162318308955,0.194716215133667,1,0,,
769,4,85,65.64950805646656,38.753709198813056,71.56150802278557,-1.0,0,1,0.22252676856375025,2.455634877356616
770,4,86,94.75649122807017,96.99577371556596,94.2523728735843,0.1824827641248703,1,0,,
771,4,86,64.31626978468559,39.38674579624134,69.79606035569857,-1.0,0,1,0.2165320167998354,2.4391233536330135
772,4,87,94.71345029239767,96.96522226182596,94.20652024393598,0.3108236491680145,1,0,,
773,4,87,66.23770141166405,37.230464886251234,72.61381919380788,-1.0,0,1,0.2170025329211515,2.5086851678111337
774,4,88,94.81730994152046,96.95503844391263,94.33605392269247,0.10977392643690109,1,0,,
775,4,88,66.83302438328818,36.162215628091,73.57481410618776,-1.0,0,1,0.21490325991086617,2.5177413696592503
776,4,89,94.81356725146199,96.93976271704263,94.33490760695126,0.19345402717590332,1,0,,
777,4,89,58.67317838300299,50.425321463897134,60.48615036743923,-1.0,0,1,0.21368588668679048,2.2727997850288046
778,4,90,94.91368421052631,97.133255257396,94.41400339309459,0.13198554515838623,1,0,,
779,4,90,67.53172679309853,33.88724035608308,74.92716441274949,-1.0,0,1,0.21020415759907513,2.636503548513759
780,4,91,94.96795321637427,97.17399052904933,94.47131918015498,0.35809290409088135,1,0,,
781,4,91,63.934835305860545,39.98021760633036,69.20033047788841,-1.0,0,1,0.20889957489189273,2.472458425435153
782,4,92,95.14760233918129,97.4031264320994,94.63982759411252,0.09500958770513535,1,0,,
783,4,92,63.656780265221734,41.9782393669634,68.42196808279341,-1.0,0,1,0.20282277254287354,2.357660501653498
784,4,93,95.04748538011695,97.18417434696268,94.56646338667522,0.10938003659248352,1,0,,
785,4,93,65.87765578211892,37.64589515331355,72.08331521502805,-1.0,0,1,0.204848091616602,2.4602227622812443
786,4,94,95.08584795321637,97.16889862009268,94.61690127928837,0.1170695349574089,1,0,,
787,4,94,66.6583487808356,35.19287833827893,73.57481410618776,-1.0,0,1,0.20263920870726693,2.618559610301798
788,4,95,95.1953216374269,97.25036916339936,94.73267916915034,0.15782028436660767,1,0,,
789,4,95,63.114929416797374,42.0375865479723,67.74796712614689,-1.0,0,1,0.2017640356710571,2.443758143078197
790,4,96,95.20374269005848,97.15871480217933,94.76362969416296,0.1827482432126999,1,0,,
791,4,96,65.38927705689434,38.33827893175074,71.33539157281385,-1.0,0,1,0.19923970458393325,2.4999776515093717
792,4,97,95.31134502923976,97.19945007383268,94.88628547847219,0.10483653843402863,1,0,,
793,4,97,64.15941822329958,39.60435212660732,69.55689872592077,-1.0,0,1,0.19635972539464872,2.4799277408556506
794,4,98,95.37403508771929,97.35729925148938,94.92755284515567,0.18063654005527496,1,0,,
795,4,98,64.52659346927135,39.9406528189911,69.93086054702788,-1.0,0,1,0.19362583619034932,2.479916536808014
796,4,99,95.37403508771929,97.21472580070268,94.95964968590948,0.1646406352519989,1,0,,
797,4,99,63.075716526450876,41.62215628090999,67.79145105883376,-1.0,0,1,0.195749834313721,2.498959449746392
798,4,100,95.3366081871345,97.163806711136,94.92526021367325,0.08859577775001526,1,0,,
799,4,100,66.43733067160987,35.62809099901088,73.20954907161804,-1.0,0,1,0.19354513001566875,2.592434974150224
800,5,1,55.457983580850474,57.29612652999547,55.04590263897828,1.1631306409835815,1,0,,
801,5,1,53.26394388505487,61.74344143771948,51.370178999815465,-1.0,0,1,1.1143653132417266,1.1120757781542265
802,5,2,58.35439535098238,62.1215937137964,57.509852411441216,1.1065303087234497,1,0,,
803,5,2,51.93649357016254,64.78000413137781,49.06809374423325,-1.0,0,1,1.084366022555296,1.1129859127104282
804,5,3,59.75924730190942,64.91714098624892,58.60293370371625,1.0014004707336426,1,0,,
805,5,3,54.90062978466644,61.02045032018178,53.533862336224395,-1.0,0,1,1.0625651370395313,1.1141751494545202
806,5,4,61.76920948252006,66.9017276985846,60.618584640401096,1.3269544839859009,1,0,,
807,5,4,52.83025983331448,64.53212146250775,50.21682967337147,-1.0,0,1,1.039511411009882,1.1174275591396368
808,5,5,63.34563232174154,68.69994459275676,62.14528495771085,1.049861192703247,1,0,,
809,5,5,52.63793038428178,64.61474901879777,49.96309282155379,-1.0,0,1,1.0171939791867415,1.1243248238013341
810,5,6,64.88239092334655,70.25638442552763,63.67763135607575,1.0012961626052856,1,0,,
811,5,6,57.97790096918958,57.03367072918818,58.18878021775235,-1.0,0,1,0.9928113490237537,1.1318444162607193
812,5,7,66.24665621252652,71.66171359492269,65.03269080930926,0.8033279180526733,1,0,,
813,5,7,60.62525926763963,52.0140466845693,62.54844067171065,-1.0,0,1,0.9712629080381697,1.149950397415803
814,5,8,67.6487408910617,72.91593210094193,66.46792461352575,0.9190972447395325,1,0,,
815,5,8,61.1456801297281,49.51456310679612,63.743310573906626,-1.0,0,1,0.947766051101009,1.1497214167163923
816,5,9,69.23346554745872,74.83503752581474,67.97768668767009,0.8964879512786865,1,0,,
817,5,9,57.49142059810688,57.75666184672588,57.432183059605094,-1.0,0,1,0.9219690269956623,1.159477878935062
818,5,10,70.26750299787842,75.76184959451972,69.03576227740325,0.974445104598999,1,0,,
819,5,10,54.95342610400875,62.1772361082421,53.340099649381806,-1.0,0,1,0.8996060720019244,1.168412773941572
820,5,11,71.51000830181718,77.19740089658994,70.2349898935149,0.8053724765777588,1,0,,
821,5,11,62.67677339065505,47.32493286511051,66.10536999446393,-1.0,0,1,0.8760721453387453,1.2016731062187598
822,5,12,72.77372936076007,78.21991638543294,71.5527852117845,0.9583954811096191,1,0,,
823,5,12,55.820794207489534,61.18570543276183,54.622624100387526,-1.0,0,1,0.8539496424488081,1.202773669304756
824,5,13,73.68600682593856,79.30791316173878,72.42566934290909,0.8898614048957825,1,0,,
825,5,13,63.88354640419354,44.7221648419748,68.16294519284001,-1.0,0,1,0.8302997777143927,1.2411476806379282
826,5,14,74.65731943547644,80.06850350073037,73.44422236525628,1.0891193151474,1,0,,
827,5,14,56.00935249085492,58.99607519107622,55.34231408008858,-1.0,0,1,0.8107993881423752,1.2237321588282402
828,5,15,75.7614611198229,81.19175943182391,74.54407895479747,0.8226085305213928,1,0,,
829,5,15,52.30983897122601,64.34620946085519,49.62170142092637,-1.0,0,1,0.7856589635963845,1.2575504553432648
830,5,16,76.60732404759709,82.37042260615524,75.31533362692954,0.8790349960327148,1,0,,
831,5,16,56.767356789983786,58.06651518281347,56.477209817309465,-1.0,0,1,0.7650385921229438,1.27010552957654
832,5,17,77.4181348584079,83.33249382964792,76.09223438011676,0.8093104958534241,1,0,,
833,5,17,58.31730587924728,56.0008262755629,58.83465584056099,-1.0,0,1,0.7455105214712893,1.257763970643282
834,5,18,78.24554930356979,84.06286203596434,76.94140497080976,0.7957242131233215,1,0,,
835,5,18,60.410302824603086,52.199958686221855,62.243956449529435,-1.0,0,1,0.7260326003521645,1.301277104478616
836,5,19,78.9899455769763,84.54137913665441,77.74540691306164,1.149517297744751,1,0,,
837,5,19,42.523664064562354,78.70274736624664,34.443624284923416,-1.0,0,1,0.705284161895619,1.3856627316429064
838,5,20,79.7039018540725,85.44804311690929,78.41616134241224,0.822179913520813,1,0,,
839,5,20,56.40532488592224,58.37636851890105,55.965122716368334,-1.0,0,1,0.6877842132076885,1.3109329732564778
840,5,21,80.29794299418873,85.94167128393694,79.03271339363349,0.7945534586906433,1,0,,
841,5,21,58.166459252554965,55.42243338153274,58.77929507289168,-1.0,0,1,0.6723179112781178,1.3275324805424764
842,5,22,81.10137441195462,86.9792978391175,79.78364217396705,0.651337742805481,1,0,,
843,5,22,61.926311422860806,47.800041313778145,65.08119579258165,-1.0,0,1,0.6492177724064171,1.4186470187627351
844,5,23,81.71201918642191,87.28151916586914,80.46343033300586,0.8517274260520935,1,0,,
845,5,23,58.81887091299921,54.01776492460235,59.89112382358369,-1.0,0,1,0.634277118877931,1.355050300176327
846,5,24,82.45918273222027,88.12270185866116,81.18951635669681,0.6405124068260193,1,0,,
847,5,24,62.17520835690312,48.56434620946086,65.21498431444915,-1.0,0,1,0.6183169370488546,1.404987533791707
848,5,25,83.03385296559358,88.86314410920264,81.72702327314612,0.6415646076202393,1,0,,
849,5,25,60.11992306822039,49.59719066308614,62.470012917512456,-1.0,0,1,0.6000398612430554,1.445625608930221
850,5,26,83.34009777695785,89.0595879715912,82.05788362297729,0.573350191116333,1,0,,
851,5,26,62.94829731870121,45.56909729394753,66.82967337147075,-1.0,0,1,0.5879407684805824,1.515057138238962
852,5,27,83.81699105248593,89.52299400594369,82.53780051266416,0.5637350678443909,1,0,,
853,5,27,57.63472489346457,54.80272670935757,58.26720797195055,-1.0,0,1,0.5753361693942983,1.446140600511661
854,5,28,84.45807582326354,90.13751070367199,83.18484140158316,0.7877035737037659,1,0,,
855,5,28,60.26322736357808,50.87791778558149,62.35929138217383,-1.0,0,1,0.5572131250796943,1.4589500223787932
856,5,29,84.65824185960705,90.3440286102856,83.38358345472408,0.5760660767555237,1,0,,
857,5,29,56.50337519327224,56.228052055360465,56.56486436611921,-1.0,0,1,0.5471060676093366,1.4661556172829409
858,5,30,85.21999815515174,90.92328615322621,83.94141626297187,0.7185764908790588,1,0,,
859,5,30,60.5649206169627,50.1962404461888,62.88060527772652,-1.0,0,1,0.5327777404430484,1.5422723625714962
860,5,31,85.45152661193617,90.90817508688863,84.22823718057296,0.45813605189323425,1,0,,
861,5,31,64.33985744993778,42.88370171452179,69.13175862705296,-1.0,0,1,0.523871480679709,1.5994026093528821
862,5,32,86.14795683055068,91.67883947010527,84.90802533961178,0.5432254672050476,1,0,,
863,5,32,63.36312554210507,45.48646973765751,67.35560066432922,-1.0,0,1,0.507625202079872,1.5779681406342065
864,5,33,86.19223318882023,91.45721049715408,85.01191323102634,0.40234825015068054,1,0,,
865,5,33,68.71440962401478,32.59657095641396,76.78077136002952,-1.0,0,1,0.5021339233397312,1.7748346833082347
866,5,34,86.91264643483073,92.19261572558304,85.72896552502908,0.4631410837173462,1,0,,
867,5,34,65.70501942150318,39.082834125180746,71.65067355600664,-1.0,0,1,0.4820995025750175,1.686572944602141
868,5,35,87.0436306613781,92.1472825265703,85.8994771728943,0.5209739804267883,1,0,,
869,5,35,60.515895463287706,49.76244577566619,62.91751245617272,-1.0,0,1,0.4739776156587612,1.5674433203843923
870,5,36,87.33603911078313,92.18254168135797,86.24953419831296,0.6090869903564453,1,0,,
871,5,36,55.737828562808765,58.211113406321005,55.185458571692195,-1.0,0,1,0.46745513954860685,1.6008804933382914
872,5,37,87.60446453279218,92.36387447740896,86.53748433212508,0.6131258606910706,1,0,,
873,5,37,61.63593166647811,48.213179095228256,64.63369625392139,-1.0,0,1,0.4590434054486726,1.6221440663704505
874,5,38,87.93008025089937,92.64594771571048,86.87286154680037,0.35709115862846375,1,0,,
875,5,38,64.502017573632,43.2555257178269,69.24709355969736,-1.0,0,1,0.4478819495706941,1.736553467810154
876,5,39,88.12471174245918,92.82224348964893,87.07160359994128,0.4595165252685547,1,0,,
877,5,39,62.47690161028774,45.610411072092546,66.2437719136372,-1.0,0,1,0.44157094632439237,1.6843741100568037
878,5,40,88.41435291947238,93.23024228076362,87.33471097711079,0.28095951676368713,1,0,,
879,5,40,68.58618999132632,34.74488741995455,76.14412253183244,-1.0,0,1,0.43207075187349264,1.92481157126335
880,5,41,88.71598561018357,93.14964992696318,87.72203213749337,1.063222050666809,1,0,,
881,5,41,62.499528604291584,45.8376368518901,66.22070492710833,-1.0,0,1,0.42258277714885817,1.6338435056117864
882,5,42,89.00101466654368,93.6180929834282,87.9659428390754,0.3490602970123291,1,0,,
883,5,42,62.81253535467813,44.61888039661227,66.87580734452851,-1.0,0,1,0.41436322629803607,1.7235236208026226
884,5,43,89.27497463333641,93.66342618244094,88.29115710785145,0.38163772225379944,1,0,,
885,5,43,65.55794396047818,39.59925635199339,71.35541612843699,-1.0,0,1,0.40677148357051324,1.839415206358983
886,5,44,89.37551886357348,93.673500226666,88.41198324243143,0.36810943484306335,1,0,,
887,5,44,65.87849304219934,38.23590167320801,72.05203912160916,-1.0,0,1,0.39955197257092034,1.9069110590677996
888,5,45,89.71958306429296,94.14194328313101,88.72816378151924,0.5297601819038391,1,0,,
889,5,45,63.940113889203154,42.30530882049163,68.77191363720243,-1.0,0,1,0.3918929252918665,1.8123646773971045
890,5,46,89.84503274605663,93.9706845313051,88.920130537394,0.26018983125686646,1,0,,
891,5,46,63.45740468378776,44.14377194794464,67.77080642184904,-1.0,0,1,0.38965601473167066,1.8198167555607283
892,5,47,90.00092242413062,94.11675817256838,89.0782208069379,0.3740929663181305,1,0,,
893,5,47,63.951427386205076,43.42078083040694,68.53663037460787,-1.0,0,1,0.3772367900842196,1.8330758380202146
894,5,48,90.10700119915137,94.00594368609278,89.23292342784873,0.38649696111679077,1,0,,
895,5,48,66.10853414790512,38.56641189836811,72.25964200036907,-1.0,0,1,0.3758074988159126,1.9423487392755656
896,5,49,90.49165206161793,94.3837203445323,89.61911537202027,0.37653854489326477,1,0,,
897,5,49,63.41969302711468,44.639537285684774,67.61395091345267,-1.0,0,1,0.36399417049487903,1.8804958651845272
898,5,50,90.44368600682594,94.57512718480834,89.51748591302777,0.30007287859916687,1,0,,
899,5,50,59.184673982728064,52.59243957859946,60.6569477763425,-1.0,0,1,0.3641774139093255,1.8119975122121663
900,5,51,90.69089567383082,94.35853523396968,89.86867215465745,0.6977207064628601,1,0,,
901,5,51,66.59501451898782,37.32699855401776,73.13157409116073,-1.0,0,1,0.3552821079948576,1.9929280272470071
902,5,52,90.8043538418965,94.58016420692087,89.95788023532866,0.26838675141334534,1,0,,
903,5,52,65.42218199645511,41.39640570130138,70.78796825982654,-1.0,0,1,0.351702448943852,1.962416800741966
904,5,53,91.0155889678074,94.77660806930942,90.17243131542396,0.4646534025669098,1,0,,
905,5,53,66.78734396802051,37.28568477587275,73.37608414836686,-1.0,0,1,0.3455985108084774,2.028603440293899
906,5,54,91.31168711373489,94.98816299803556,90.48748263830076,0.3102451264858246,1,0,,
907,5,54,56.30350341290493,55.980169386490395,56.375715076582395,-1.0,0,1,0.33787705475704166,1.8570735597839723
908,5,55,91.33382529286966,94.76653402508437,90.56426934065065,0.5123217701911926,1,0,,
909,5,55,61.526567862126186,47.05639330716794,64.75825798117734,-1.0,0,1,0.3344226873258773,1.8953684190144906
910,5,56,91.62438889401346,95.21482899309927,90.81947220434297,0.20654581487178802,1,0,,
911,5,56,63.90994456386469,41.89217103904152,68.82727440487174,-1.0,0,1,0.32674668321150674,2.0308088694627466
912,5,57,91.85407250253667,95.24001410366192,91.09500095983378,0.3838399052619934,1,0,,
913,5,57,60.04072858920692,50.588721338566415,62.151688503413915,-1.0,0,1,0.3197791172805052,1.9078735709190369
914,5,58,91.78304584447929,95.05868130761094,91.04870309518164,0.4460873007774353,1,0,,
915,5,58,61.832032281178115,47.139020863457965,65.11348957372209,-1.0,0,1,0.321855594075275,1.9299261822150304
916,5,59,91.87344340927959,95.2752732584496,91.11080998678817,0.27188482880592346,1,0,,
917,5,59,64.65286420032432,41.788886593678995,69.75918066063849,-1.0,0,1,0.31653366546633677,2.0155989625133
918,5,60,91.89096946776128,95.17453281619906,91.15484941901826,0.16749371588230133,1,0,,
919,5,60,64.7396010106724,41.31377814501136,69.9713969367042,-1.0,0,1,0.3138804601806677,2.091310674181351
920,5,61,92.1704639793377,95.37601370070014,91.4518332825186,0.3723932206630707,1,0,,
921,5,61,62.49198627295697,45.40384218136749,66.30835947591807,-1.0,0,1,0.3082284475759182,1.9590291306376457
922,5,62,92.27838760261969,95.54223543041354,91.54668744424495,0.32452553510665894,1,0,,
923,5,62,65.54663046347626,39.47531501755836,71.36925632035431,-1.0,0,1,0.30260281938588884,2.11858086173351
924,5,63,92.37247486394244,95.55230947463859,91.65960906534774,0.3790629506111145,1,0,,
925,5,63,60.15763472489346,49.74178888659368,62.48385310942978,-1.0,0,1,0.2998639506143831,1.964170086555756
926,5,64,92.59846877594318,95.62282778421397,91.92045801009519,0.24309872090816498,1,0,,
927,5,64,65.81815439152241,39.74385457550093,71.64144676139509,-1.0,0,1,0.2936738406207936,2.1392421533281984
928,5,65,92.71008209574762,95.65808693900166,92.04918865815237,0.3201325535774231,1,0,,
929,5,65,63.872232907191616,43.978516835364594,68.31518730393061,-1.0,0,1,0.2914889527676097,2.0673762809198637
930,5,66,92.6907111890047,95.73867929280209,92.00740765834435,0.3086003065109253,1,0,,
931,5,66,68.76343477768978,32.45197273290643,76.87303930614505,-1.0,0,1,0.2873043364624206,2.2599475274865446
932,5,67,93.01263721058943,96.08623381856647,92.32358819743216,0.20200449228286743,1,0,,
933,5,67,62.90304333069352,45.40384218136749,66.81121978224765,-1.0,0,1,0.27957113709085246,2.0769269197033
934,5,68,92.95729176275252,95.85453080139021,92.30777917047777,0.17004646360874176,1,0,,
935,5,68,63.30278689142814,43.23486882875439,67.78464661376638,-1.0,0,1,0.27736042148775586,2.0871063083983383
936,5,69,93.00894751406697,95.79912355815242,92.38343665661664,0.28480958938598633,1,0,,
937,5,69,62.514613266960815,45.13530262342491,66.3960140247278,-1.0,0,1,0.2787532377042483,2.0829398030271897
938,5,70,93.14546628539803,96.12652999546668,92.47716160213196,0.1907264143228531,1,0,,
939,5,70,68.06954029490515,35.096054534187154,75.43365934674294,-1.0,0,1,0.27376922161935213,2.4357651901932864
940,5,71,93.27829536020663,96.16178915025436,92.63186422304278,0.5602132678031921,1,0,,
941,5,71,66.96458875438398,37.471596777525306,73.55139324598635,-1.0,0,1,0.26824086674938796,2.2296577359621343
942,5,72,94.9995387879347,97.50163703218657,94.43861016068746,0.35035383701324463,1,0,,
943,5,72,64.92815929403778,41.31377814501136,70.20206680199298,-1.0,0,1,0.21648179568183182,2.205620774282859
944,5,73,95.35005995756849,97.90459880118874,94.77737502399584,0.13222922384738922,1,0,,
945,5,73,65.07146358939548,41.31377814501136,70.37737589961247,-1.0,0,1,0.20542747705048905,2.2237575074227958
946,5,74,95.57605386956922,98.13630181836498,95.0020890499904,0.2950478792190552,1,0,,
947,5,74,66.26315194026473,39.041520347035735,72.34268315187303,-1.0,0,1,0.19641399738920903,2.300234349301228
948,5,75,95.66091688958583,98.01037626555181,95.13420734668067,0.47158753871917725,1,0,,
949,5,75,64.31345929026662,43.13158438339186,69.04410407824322,-1.0,0,1,0.1956598691756638,2.185951828956604
950,5,76,95.74209021307998,98.29748652596585,95.16921304922253,0.13788647949695587,1,0,,
951,5,76,65.28264886676472,40.818012807271224,70.74644768407455,-1.0,0,1,0.19120257566853424,2.25908180555472
952,5,77,95.74762475786366,98.14637586259003,95.20986483281953,0.126541867852211,1,0,,
953,5,77,65.73518874684164,39.47531501755836,71.59992618564311,-1.0,0,1,0.19122254098144303,2.2744121373845982
954,5,78,95.74301263721058,98.16148692892762,95.20083110313132,0.1387948840856552,1,0,,
955,5,78,66.06328015989743,39.619913241065895,71.96899797010519,-1.0,0,1,0.19128222077416415,2.301615361410838
956,5,79,95.86292777419057,98.34785674709111,95.30584821075692,0.10609208792448044,1,0,,
957,5,79,65.89734887053588,39.51662879570337,71.78907547517993,-1.0,0,1,0.18697021456507892,2.281434539418954
958,5,80,95.91550594963564,98.33274568075353,95.37360118341859,0.17454054951667786,1,0,,
959,5,80,66.24052494626089,38.752323900020656,72.37959033031925,-1.0,0,1,0.185892911937963,2.287649248655026
960,5,81,95.9551701872521,98.33274568075353,95.42215748049279,0.16297854483127594,1,0,,
961,5,81,66.01425500622243,39.45465812848585,71.9459309835763,-1.0,0,1,0.18438074909317734,2.2970609464324436
962,5,82,96.0999907757587,98.56948572004231,95.54637126370586,0.10638979077339172,1,0,,
963,5,82,66.39891390428781,38.27721545135303,72.67946115519469,-1.0,0,1,0.1805674218899244,2.3254495142744136
964,5,83,96.03265381422378,98.27733843751574,95.52943302054044,0.15971346199512482,1,0,,
965,5,83,65.9086623675378,39.51662879570337,71.80291566709725,-1.0,0,1,0.18259595736526965,2.3022024599978557
966,5,84,96.00498109030532,98.33274568075353,95.48313515588829,0.21781860291957855,1,0,,
967,5,84,65.67862126183203,39.867795909935964,71.44307067724672,-1.0,0,1,0.1836282708797573,2.313835929219539
968,5,85,96.00129139378286,98.41333803455397,95.46055083166775,0.15400126576423645,1,0,,
969,5,85,65.59942678281857,40.13633546787854,71.28621516885035,-1.0,0,1,0.18301129970070604,2.3033207001594396
970,5,86,96.1368877409833,98.42341207877902,95.62428718226678,0.1369425654411316,1,0,,
971,5,86,63.332956216766604,44.267713282379674,67.59088392692378,-1.0,0,1,0.17860463735732166,2.1796482873077574
972,5,87,96.07231805184024,98.48385634412935,95.5316914529625,0.3498114347457886,1,0,,
973,5,87,64.81125315835125,41.76822970460648,69.95755674478686,-1.0,0,1,0.17930601449263278,2.2425877652489223
974,5,88,96.08892168619131,98.20682012794036,95.61412423636753,0.12390053272247314,1,0,,
975,5,88,66.74586114568012,37.471596777525306,73.28381620225134,-1.0,0,1,0.18061501377096142,2.3656906307889867
976,5,89,96.13965501337515,98.43348612300407,95.62541639847781,0.1388007402420044,1,0,,
977,5,89,66.95327525738206,37.4509398884528,73.5421664513748,-1.0,0,1,0.17918532668946063,2.3847564212404766
978,5,90,96.07969744488516,98.36800483554123,95.56669715550436,0.15629026293754578,1,0,,
979,5,90,65.86717954519742,39.22743234868829,71.81675585901458,-1.0,0,1,0.17906968260388448,2.30964003274074
980,5,91,96.28539802601236,98.55941167581726,95.77560215454453,0.09291979670524597,1,0,,
981,5,91,66.49696421163782,38.25655856228052,72.80402288245064,-1.0,0,1,0.1719483964699359,2.3648287166769686
982,5,92,96.14703440642008,98.42844910089156,95.63557934437706,0.5384379029273987,1,0,,
983,5,92,65.92374703020704,39.000206568890725,71.93670418896475,-1.0,0,1,0.17526380979008488,2.3464184334644904
984,5,93,96.30107923623282,98.47881932201682,95.81286628950845,0.12557856738567352,1,0,,
985,5,93,64.82633782102047,41.210493699648836,70.10057206126592,-1.0,0,1,0.17391259130860162,2.2351700826906242
986,5,94,96.1673277372936,98.46874527779177,95.65138837133146,0.1971406787633896,1,0,,
987,5,94,66.12738997624166,38.52509812022309,72.29193578150951,-1.0,0,1,0.1752623534082944,2.3152785218105865
988,5,95,96.39424407342496,98.58459678637989,95.90320358639069,0.0947168618440628,1,0,,
989,5,95,66.03311083455897,38.83495145631068,72.10739988927847,-1.0,0,1,0.17118783453490405,2.340378143466436
990,5,96,96.31491559819204,98.36800483554123,95.85464728931649,0.08867793530225754,1,0,,
991,5,96,66.05573782856281,38.93823590167321,72.11201328658424,-1.0,0,1,0.17343602546764517,2.350013738641372
992,5,97,96.28816529840421,98.51911549891705,95.78802353286584,0.13775606453418732,1,0,,
993,5,97,66.4856507146359,38.008675893410455,72.84554345820263,-1.0,0,1,0.17100423002679346,2.3599044353916097
994,5,98,96.32321741536758,98.49896741046693,95.83545061372901,0.13692687451839447,1,0,,
995,5,98,65.9011200362032,39.72319768642842,71.74755489942794,-1.0,0,1,0.1716758839812442,2.3182714633070507
996,5,99,96.2697168157919,98.50400443257946,95.76882685727837,0.16023249924182892,1,0,,
997,5,99,65.93128936154166,39.59925635199339,71.8121424617088,-1.0,0,1,0.17076525551298855,2.3367244589787264
998,5,100,96.32045014297574,98.53422656525463,95.82415845161873,0.15097974240779877,1,0,,
999,5,100,65.91243353320512,39.661227019210905,71.77523528326259,-1.0,0,1,0.17289539611290308,2.32054656629379
